"date","five_late","count"
2013-09-04,1,34
2013-09-04,2,31
2013-09-04,3,41
2013-09-04,4,28
2013-09-04,5,26
2013-09-04,6,28
2013-09-04,7,28
2013-09-04,8,23
2013-09-04,9,22
2013-09-04,10,21
2013-09-04,11,20
2013-09-04,12,29
2013-09-04,13,18
2013-09-04,14,20
2013-09-04,15,14
2013-09-04,16,25
2013-09-04,17,15
2013-09-04,18,11
2013-09-04,19,8
2013-09-04,20,22
2013-09-04,21,21
2013-09-04,22,10
2013-09-04,23,7
2013-09-04,24,6
2013-09-04,25,9
2013-09-04,26,4
2013-09-04,27,10
2013-09-04,28,9
2013-09-04,29,5
2013-09-04,30,6
2013-09-04,31,6
2013-09-04,32,3
2013-09-04,33,2
2013-09-04,34,8
2013-09-04,35,8
2013-09-04,36,5
2013-09-04,37,3
2013-09-04,38,3
2013-09-04,39,1
2013-09-04,40,2
2013-09-04,41,4
2013-09-04,42,1
2013-09-04,44,3
2013-09-04,45,1
2013-09-04,46,1
2013-09-04,47,2
2013-09-04,49,4
2013-09-04,50,1
2013-09-04,51,2
2013-09-04,52,4
2013-09-04,53,2
2013-09-04,54,1
2013-09-04,55,1
2013-09-04,56,1
2013-09-04,57,3
2013-09-04,59,2
2013-09-04,60,2
2013-09-04,61,2
2013-09-04,62,1
2013-09-04,63,1
2013-09-04,64,1
2013-09-04,65,1
2013-09-04,67,1
2013-09-04,68,2
2013-09-04,69,1
2013-09-04,70,3
2013-09-04,71,1
2013-09-04,72,1
2013-09-04,80,1
2013-09-04,82,1
2013-09-04,86,1
2013-09-04,87,1
2013-09-04,89,1
2013-09-04,96,1
2013-09-05,1,36
2013-09-05,2,45
2013-09-05,3,19
2013-09-05,4,37
2013-09-05,5,22
2013-09-05,6,18
2013-09-05,7,28
2013-09-05,8,11
2013-09-05,9,23
2013-09-05,10,11
2013-09-05,11,18
2013-09-05,12,9
2013-09-05,13,6
2013-09-05,14,9
2013-09-05,15,4
2013-09-05,16,7
2013-09-05,17,3
2013-09-05,18,4
2013-09-05,19,7
2013-09-05,20,3
2013-09-05,21,7
2013-09-05,22,2
2013-09-05,23,5
2013-09-05,24,4
2013-09-05,25,1
2013-09-05,26,2
2013-09-05,27,2
2013-09-05,28,3
2013-09-05,30,1
2013-09-05,31,1
2013-09-05,32,5
2013-09-05,33,1
2013-09-05,34,1
2013-09-05,35,1
2013-09-05,36,1
2013-09-05,38,1
2013-09-05,39,1
2013-09-05,40,1
2013-09-05,41,1
2013-09-05,43,1
2013-09-05,46,1
2013-09-05,49,3
2013-09-05,53,1
2013-09-05,69,1
2013-09-05,89,1
2013-09-06,1,32
2013-09-06,2,36
2013-09-06,3,21
2013-09-06,4,23
2013-09-06,5,21
2013-09-06,6,17
2013-09-06,7,15
2013-09-06,8,10
2013-09-06,9,10
2013-09-06,10,10
2013-09-06,11,5
2013-09-06,12,8
2013-09-06,13,5
2013-09-06,14,8
2013-09-06,15,4
2013-09-06,16,3
2013-09-06,17,2
2013-09-06,18,5
2013-09-06,19,2
2013-09-06,20,1
2013-09-06,22,5
2013-09-06,23,4
2013-09-06,24,1
2013-09-06,25,2
2013-09-06,26,2
2013-09-06,28,4
2013-09-06,29,1
2013-09-06,31,2
2013-09-06,33,1
2013-09-06,34,1
2013-09-06,35,1
2013-09-06,40,1
2013-09-06,42,1
2013-09-06,50,1
2013-09-09,1,40
2013-09-09,2,26
2013-09-09,3,41
2013-09-09,4,31
2013-09-09,5,21
2013-09-09,6,25
2013-09-09,7,24
2013-09-09,8,24
2013-09-09,9,22
2013-09-09,10,18
2013-09-09,11,11
2013-09-09,12,4
2013-09-09,13,7
2013-09-09,14,3
2013-09-09,15,6
2013-09-09,16,10
2013-09-09,17,5
2013-09-09,18,1
2013-09-09,19,2
2013-09-09,20,4
2013-09-09,21,1
2013-09-09,22,4
2013-09-09,23,3
2013-09-09,24,3
2013-09-09,25,2
2013-09-09,26,3
2013-09-09,27,2
2013-09-09,28,1
2013-09-09,29,2
2013-09-09,30,1
2013-09-09,31,2
2013-09-09,39,1
2013-09-09,41,1
2013-09-09,42,1
2013-09-09,44,1
2013-09-09,48,1
2013-09-09,74,1
2013-09-10,1,48
2013-09-10,2,32
2013-09-10,3,41
2013-09-10,4,25
2013-09-10,5,33
2013-09-10,6,37
2013-09-10,7,13
2013-09-10,8,16
2013-09-10,9,15
2013-09-10,10,9
2013-09-10,11,15
2013-09-10,12,3
2013-09-10,13,6
2013-09-10,14,8
2013-09-10,15,8
2013-09-10,16,3
2013-09-10,17,5
2013-09-10,19,2
2013-09-10,20,4
2013-09-10,21,3
2013-09-10,22,3
2013-09-10,23,4
2013-09-10,24,2
2013-09-10,25,1
2013-09-10,27,1
2013-09-10,29,1
2013-09-10,30,1
2013-09-10,31,1
2013-09-10,37,1
2013-09-10,40,1
2013-09-10,42,1
2013-09-10,43,1
2013-09-10,45,1
2013-09-10,55,1
2013-09-11,1,37
2013-09-11,2,37
2013-09-11,3,31
2013-09-11,4,29
2013-09-11,5,36
2013-09-11,6,30
2013-09-11,7,23
2013-09-11,8,23
2013-09-11,9,16
2013-09-11,10,9
2013-09-11,11,11
2013-09-11,12,16
2013-09-11,13,10
2013-09-11,14,6
2013-09-11,15,8
2013-09-11,16,6
2013-09-11,17,3
2013-09-11,18,2
2013-09-11,19,4
2013-09-11,20,2
2013-09-11,21,1
2013-09-11,22,2
2013-09-11,23,4
2013-09-11,24,1
2013-09-11,25,1
2013-09-11,26,2
2013-09-11,30,1
2013-09-11,31,1
2013-09-11,32,1
2013-09-11,37,1
2013-09-11,41,1
2013-09-11,46,1
2013-09-11,53,1
2013-09-11,58,1
2013-09-11,67,1
2013-09-12,1,25
2013-09-12,2,37
2013-09-12,3,31
2013-09-12,4,25
2013-09-12,5,26
2013-09-12,6,16
2013-09-12,7,11
2013-09-12,8,18
2013-09-12,9,9
2013-09-12,10,9
2013-09-12,11,9
2013-09-12,12,11
2013-09-12,13,8
2013-09-12,14,6
2013-09-12,15,2
2013-09-12,16,3
2013-09-12,17,3
2013-09-12,18,1
2013-09-12,19,1
2013-09-12,20,3
2013-09-12,21,1
2013-09-12,23,3
2013-09-12,26,2
2013-09-12,27,2
2013-09-12,29,2
2013-09-12,31,2
2013-09-12,36,2
2013-09-13,1,38
2013-09-13,2,30
2013-09-13,3,40
2013-09-13,4,40
2013-09-13,5,21
2013-09-13,6,23
2013-09-13,7,20
2013-09-13,8,15
2013-09-13,9,17
2013-09-13,10,16
2013-09-13,11,4
2013-09-13,12,12
2013-09-13,13,5
2013-09-13,14,3
2013-09-13,15,6
2013-09-13,16,2
2013-09-13,17,4
2013-09-13,18,3
2013-09-13,19,3
2013-09-13,20,5
2013-09-13,21,3
2013-09-13,22,1
2013-09-13,24,2
2013-09-13,26,1
2013-09-13,27,4
2013-09-13,28,2
2013-09-13,29,1
2013-09-13,30,1
2013-09-13,31,1
2013-09-13,33,1
2013-09-13,38,1
2013-09-13,43,1
2013-09-13,60,1
2013-09-16,1,39
2013-09-16,2,32
2013-09-16,3,35
2013-09-16,4,19
2013-09-16,5,14
2013-09-16,6,13
2013-09-16,7,15
2013-09-16,8,17
2013-09-16,9,5
2013-09-16,10,8
2013-09-16,11,7
2013-09-16,12,7
2013-09-16,13,5
2013-09-16,14,7
2013-09-16,15,2
2013-09-16,16,4
2013-09-16,17,3
2013-09-16,18,1
2013-09-16,21,1
2013-09-16,23,1
2013-09-16,24,1
2013-09-16,25,1
2013-09-16,26,2
2013-09-16,28,1
2013-09-16,29,1
2013-09-16,30,1
2013-09-16,31,1
2013-09-16,32,1
2013-09-16,35,1
2013-09-16,39,1
2013-09-16,60,1
2013-09-17,1,34
2013-09-17,2,40
2013-09-17,3,35
2013-09-17,4,29
2013-09-17,5,18
2013-09-17,6,17
2013-09-17,7,16
2013-09-17,8,11
2013-09-17,9,12
2013-09-17,10,6
2013-09-17,11,7
2013-09-17,12,6
2013-09-17,13,5
2013-09-17,14,6
2013-09-17,15,2
2013-09-17,16,4
2013-09-17,17,1
2013-09-17,18,2
2013-09-17,20,1
2013-09-17,22,1
2013-09-17,24,1
2013-09-17,26,1
2013-09-17,27,1
2013-09-17,28,2
2013-09-17,29,1
2013-09-17,38,1
2013-09-17,42,1
2013-09-18,1,50
2013-09-18,2,35
2013-09-18,3,26
2013-09-18,4,18
2013-09-18,5,19
2013-09-18,6,19
2013-09-18,7,18
2013-09-18,8,12
2013-09-18,9,11
2013-09-18,10,8
2013-09-18,11,7
2013-09-18,12,4
2013-09-18,13,6
2013-09-18,14,1
2013-09-18,15,5
2013-09-18,16,3
2013-09-18,17,1
2013-09-18,18,2
2013-09-18,19,2
2013-09-18,20,2
2013-09-18,22,2
2013-09-18,24,1
2013-09-18,27,1
2013-09-18,32,1
2013-09-18,33,1
2013-09-18,37,1
2013-09-18,43,1
2013-09-19,1,31
2013-09-19,2,29
2013-09-19,3,31
2013-09-19,4,27
2013-09-19,5,19
2013-09-19,6,18
2013-09-19,7,23
2013-09-19,8,14
2013-09-19,9,10
2013-09-19,10,8
2013-09-19,11,9
2013-09-19,12,7
2013-09-19,13,4
2013-09-19,14,4
2013-09-19,15,5
2013-09-19,16,3
2013-09-19,18,7
2013-09-19,19,2
2013-09-19,20,3
2013-09-19,21,1
2013-09-19,22,2
2013-09-19,24,1
2013-09-19,26,2
2013-09-19,28,1
2013-09-19,29,1
2013-09-19,33,1
2013-09-19,55,1
2013-09-19,100,1
2013-09-19,101,1
2013-09-20,1,39
2013-09-20,2,22
2013-09-20,3,21
2013-09-20,4,19
2013-09-20,5,16
2013-09-20,6,13
2013-09-20,7,12
2013-09-20,8,13
2013-09-20,9,7
2013-09-20,10,6
2013-09-20,11,6
2013-09-20,12,6
2013-09-20,13,3
2013-09-20,14,1
2013-09-20,15,3
2013-09-20,18,1
2013-09-20,19,2
2013-09-20,21,1
2013-09-20,22,2
2013-09-20,23,1
2013-09-20,25,1
2013-09-20,39,1
2013-09-20,46,1
2013-09-20,61,1
2013-09-20,79,1
2013-09-23,1,39
2013-09-23,2,28
2013-09-23,3,25
2013-09-23,4,24
2013-09-23,5,23
2013-09-23,6,10
2013-09-23,7,15
2013-09-23,8,13
2013-09-23,9,9
2013-09-23,10,8
2013-09-23,11,4
2013-09-23,12,5
2013-09-23,13,4
2013-09-23,14,3
2013-09-23,16,1
2013-09-23,17,2
2013-09-23,19,1
2013-09-23,20,1
2013-09-23,21,1
2013-09-23,22,1
2013-09-23,23,1
2013-09-23,27,1
2013-09-23,55,1
2013-09-23,108,1
2013-09-24,1,49
2013-09-24,2,35
2013-09-24,3,37
2013-09-24,4,21
2013-09-24,5,22
2013-09-24,6,16
2013-09-24,7,14
2013-09-24,8,19
2013-09-24,9,13
2013-09-24,10,11
2013-09-24,11,10
2013-09-24,12,12
2013-09-24,13,8
2013-09-24,14,11
2013-09-24,15,3
2013-09-24,17,3
2013-09-24,18,1
2013-09-24,20,1
2013-09-24,22,1
2013-09-24,23,1
2013-09-24,25,2
2013-09-24,27,1
2013-09-24,28,1
2013-09-24,30,1
2013-09-24,31,1
2013-09-24,32,2
2013-09-24,36,1
2013-09-24,37,1
2013-09-24,76,1
2013-09-25,1,37
2013-09-25,2,27
2013-09-25,3,29
2013-09-25,4,14
2013-09-25,5,17
2013-09-25,6,22
2013-09-25,7,12
2013-09-25,8,12
2013-09-25,9,10
2013-09-25,10,7
2013-09-25,11,4
2013-09-25,12,7
2013-09-25,13,4
2013-09-25,14,5
2013-09-25,15,2
2013-09-25,16,5
2013-09-25,18,1
2013-09-25,19,4
2013-09-25,20,2
2013-09-25,21,1
2013-09-25,23,1
2013-09-25,24,1
2013-09-25,25,2
2013-09-25,27,1
2013-09-25,28,1
2013-09-25,29,1
2013-09-25,31,1
2013-09-25,32,1
2013-09-25,33,1
2013-09-25,34,2
2013-09-25,36,3
2013-09-25,45,1
2013-09-25,53,1
2013-09-25,55,1
2013-09-25,58,1
2013-09-26,1,31
2013-09-26,2,32
2013-09-26,3,24
2013-09-26,4,23
2013-09-26,5,20
2013-09-26,6,20
2013-09-26,7,16
2013-09-26,8,10
2013-09-26,9,10
2013-09-26,10,8
2013-09-26,11,5
2013-09-26,12,2
2013-09-26,13,2
2013-09-26,14,2
2013-09-26,15,1
2013-09-26,16,2
2013-09-26,17,1
2013-09-26,18,4
2013-09-26,19,1
2013-09-26,20,2
2013-09-26,21,1
2013-09-26,22,1
2013-09-26,23,1
2013-09-26,28,1
2013-09-26,32,1
2013-09-26,33,1
2013-09-26,38,1
2013-09-27,1,30
2013-09-27,2,36
2013-09-27,3,14
2013-09-27,4,14
2013-09-27,5,15
2013-09-27,6,13
2013-09-27,7,16
2013-09-27,8,13
2013-09-27,9,9
2013-09-27,10,4
2013-09-27,11,7
2013-09-27,12,3
2013-09-27,13,6
2013-09-27,14,1
2013-09-27,15,2
2013-09-27,16,3
2013-09-27,18,2
2013-09-27,19,1
2013-09-27,20,1
2013-09-27,21,1
2013-09-27,22,2
2013-09-27,27,1
2013-09-27,28,2
2013-09-27,30,1
2013-09-27,32,1
2013-09-27,33,1
2013-09-27,42,1
2013-09-27,45,1
2013-09-27,49,1
2013-09-30,1,32
2013-09-30,2,24
2013-09-30,3,22
2013-09-30,4,21
2013-09-30,5,21
2013-09-30,6,16
2013-09-30,7,15
2013-09-30,8,12
2013-09-30,9,12
2013-09-30,10,6
2013-09-30,11,5
2013-09-30,12,2
2013-09-30,13,8
2013-09-30,14,2
2013-09-30,15,1
2013-09-30,17,1
2013-09-30,21,1
2013-09-30,22,3
2013-09-30,37,1
2013-09-30,61,1
2013-09-30,70,1
2013-10-01,1,43
2013-10-01,2,22
2013-10-01,3,33
2013-10-01,4,26
2013-10-01,5,18
2013-10-01,6,21
2013-10-01,7,12
2013-10-01,8,15
2013-10-01,9,7
2013-10-01,10,10
2013-10-01,11,5
2013-10-01,12,7
2013-10-01,13,8
2013-10-01,14,2
2013-10-01,15,2
2013-10-01,16,2
2013-10-01,17,2
2013-10-01,19,1
2013-10-01,21,2
2013-10-01,22,3
2013-10-01,23,2
2013-10-01,24,1
2013-10-01,25,1
2013-10-01,30,1
2013-10-01,34,1
2013-10-01,46,1
2013-10-01,55,1
2013-10-02,1,34
2013-10-02,2,34
2013-10-02,3,31
2013-10-02,4,22
2013-10-02,5,18
2013-10-02,6,14
2013-10-02,7,13
2013-10-02,8,11
2013-10-02,9,14
2013-10-02,10,5
2013-10-02,11,5
2013-10-02,12,10
2013-10-02,13,7
2013-10-02,14,3
2013-10-02,16,3
2013-10-02,17,2
2013-10-02,19,3
2013-10-02,20,3
2013-10-02,21,1
2013-10-02,22,2
2013-10-02,23,2
2013-10-02,24,2
2013-10-02,27,1
2013-10-02,29,3
2013-10-02,30,3
2013-10-02,33,1
2013-10-02,38,1
2013-10-02,46,1
2013-10-02,60,1
2013-10-03,1,30
2013-10-03,2,37
2013-10-03,3,27
2013-10-03,4,22
2013-10-03,5,25
2013-10-03,6,22
2013-10-03,7,15
2013-10-03,8,16
2013-10-03,9,9
2013-10-03,10,7
2013-10-03,11,11
2013-10-03,12,5
2013-10-03,13,5
2013-10-03,14,5
2013-10-03,15,5
2013-10-03,16,3
2013-10-03,18,1
2013-10-03,19,2
2013-10-03,20,3
2013-10-03,21,1
2013-10-03,23,1
2013-10-03,26,2
2013-10-03,27,1
2013-10-03,35,1
2013-10-03,37,2
2013-10-03,42,1
2013-10-03,46,1
2013-10-04,1,39
2013-10-04,2,30
2013-10-04,3,20
2013-10-04,4,18
2013-10-04,5,17
2013-10-04,6,17
2013-10-04,7,12
2013-10-04,8,11
2013-10-04,9,10
2013-10-04,10,4
2013-10-04,11,4
2013-10-04,12,3
2013-10-04,13,4
2013-10-04,14,3
2013-10-04,15,1
2013-10-04,16,1
2013-10-04,17,1
2013-10-04,21,1
2013-10-04,27,1
2013-10-04,30,2
2013-10-04,32,1
2013-10-04,36,1
2013-10-08,1,1
2013-10-08,2,1
2013-10-08,9,1
2013-10-08,48,1
2013-10-09,1,35
2013-10-09,2,28
2013-10-09,3,27
2013-10-09,4,27
2013-10-09,5,19
2013-10-09,6,16
2013-10-09,7,14
2013-10-09,8,13
2013-10-09,9,10
2013-10-09,10,8
2013-10-09,11,9
2013-10-09,12,9
2013-10-09,13,5
2013-10-09,14,5
2013-10-09,15,1
2013-10-09,17,3
2013-10-09,18,1
2013-10-09,20,1
2013-10-09,21,2
2013-10-09,22,2
2013-10-09,23,2
2013-10-09,24,1
2013-10-09,25,2
2013-10-09,27,1
2013-10-09,28,1
2013-10-09,30,2
2013-10-09,34,1
2013-10-09,36,1
2013-10-09,39,1
2013-10-09,47,1
2013-10-09,50,1
2013-10-10,1,32
2013-10-10,2,24
2013-10-10,3,37
2013-10-10,4,21
2013-10-10,5,20
2013-10-10,6,20
2013-10-10,7,20
2013-10-10,8,13
2013-10-10,9,7
2013-10-10,10,10
2013-10-10,11,9
2013-10-10,12,6
2013-10-10,13,4
2013-10-10,14,3
2013-10-10,15,5
2013-10-10,16,2
2013-10-10,17,1
2013-10-10,18,1
2013-10-10,19,1
2013-10-10,20,1
2013-10-10,21,1
2013-10-10,24,4
2013-10-10,25,1
2013-10-10,29,1
2013-10-10,32,2
2013-10-10,38,1
2013-10-10,42,1
2013-10-11,1,34
2013-10-11,2,36
2013-10-11,3,26
2013-10-11,4,18
2013-10-11,5,20
2013-10-11,6,13
2013-10-11,7,7
2013-10-11,8,9
2013-10-11,9,4
2013-10-11,10,3
2013-10-11,11,4
2013-10-11,12,4
2013-10-11,13,4
2013-10-11,14,1
2013-10-11,15,2
2013-10-11,16,2
2013-10-11,17,2
2013-10-11,18,1
2013-10-11,19,1
2013-10-11,20,2
2013-10-11,21,1
2013-10-11,22,2
2013-10-11,24,2
2013-10-11,25,1
2013-10-11,30,2
2013-10-15,1,24
2013-10-15,2,29
2013-10-15,3,25
2013-10-15,4,14
2013-10-15,5,15
2013-10-15,6,12
2013-10-15,7,11
2013-10-15,8,12
2013-10-15,9,4
2013-10-15,10,12
2013-10-15,11,2
2013-10-15,12,3
2013-10-15,13,9
2013-10-15,14,5
2013-10-15,15,2
2013-10-15,16,4
2013-10-15,17,1
2013-10-15,18,1
2013-10-15,19,3
2013-10-15,20,2
2013-10-15,23,1
2013-10-15,26,1
2013-10-15,27,1
2013-10-15,29,1
2013-10-15,30,1
2013-10-15,37,1
2013-10-15,60,1
2013-10-15,70,1
2013-10-16,1,31
2013-10-16,2,28
2013-10-16,3,28
2013-10-16,4,14
2013-10-16,5,20
2013-10-16,6,13
2013-10-16,7,14
2013-10-16,8,6
2013-10-16,9,6
2013-10-16,10,2
2013-10-16,11,5
2013-10-16,12,5
2013-10-16,13,2
2013-10-16,14,4
2013-10-16,16,1
2013-10-16,17,3
2013-10-16,22,1
2013-10-16,23,2
2013-10-16,26,1
2013-10-16,27,2
2013-10-16,39,1
2013-10-16,42,1
2013-10-17,1,29
2013-10-17,2,22
2013-10-17,3,25
2013-10-17,4,18
2013-10-17,5,15
2013-10-17,6,10
2013-10-17,7,10
2013-10-17,8,13
2013-10-17,9,4
2013-10-17,10,2
2013-10-17,11,5
2013-10-17,13,7
2013-10-17,14,1
2013-10-17,15,1
2013-10-17,16,6
2013-10-17,17,2
2013-10-17,18,1
2013-10-17,19,2
2013-10-17,20,2
2013-10-17,22,2
2013-10-17,24,1
2013-10-17,30,1
2013-10-17,31,1
2013-10-17,52,1
2013-10-17,57,1
2013-10-17,84,1
2013-10-18,1,34
2013-10-18,2,24
2013-10-18,3,25
2013-10-18,4,22
2013-10-18,5,20
2013-10-18,6,10
2013-10-18,7,17
2013-10-18,8,7
2013-10-18,9,3
2013-10-18,10,6
2013-10-18,11,3
2013-10-18,12,2
2013-10-18,13,4
2013-10-18,14,2
2013-10-18,15,3
2013-10-18,16,2
2013-10-18,17,1
2013-10-18,19,1
2013-10-18,21,1
2013-10-18,24,1
2013-10-18,26,2
2013-10-18,30,1
2013-10-18,38,1
2013-10-18,41,1
2013-10-18,42,1
2013-10-18,51,1
2013-10-21,1,26
2013-10-21,2,18
2013-10-21,3,27
2013-10-21,4,13
2013-10-21,5,7
2013-10-21,6,9
2013-10-21,7,9
2013-10-21,8,7
2013-10-21,9,3
2013-10-21,10,4
2013-10-21,11,4
2013-10-21,12,2
2013-10-21,13,1
2013-10-21,15,1
2013-10-21,16,1
2013-10-21,17,1
2013-10-21,18,1
2013-10-21,21,1
2013-10-21,22,1
2013-10-21,27,1
2013-10-21,47,1
2013-10-21,51,1
2013-10-21,52,1
2013-10-22,1,30
2013-10-22,2,23
2013-10-22,3,18
2013-10-22,4,20
2013-10-22,5,20
2013-10-22,6,16
2013-10-22,7,9
2013-10-22,8,17
2013-10-22,9,9
2013-10-22,10,7
2013-10-22,11,3
2013-10-22,12,2
2013-10-22,13,3
2013-10-22,15,3
2013-10-22,16,2
2013-10-22,17,1
2013-10-22,18,2
2013-10-22,20,3
2013-10-22,22,1
2013-10-22,23,1
2013-10-22,25,2
2013-10-22,27,1
2013-10-22,29,1
2013-10-22,35,1
2013-10-22,37,1
2013-10-22,41,1
2013-10-22,45,1
2013-10-23,1,42
2013-10-23,2,21
2013-10-23,3,31
2013-10-23,4,15
2013-10-23,5,17
2013-10-23,6,16
2013-10-23,7,13
2013-10-23,8,4
2013-10-23,9,5
2013-10-23,10,1
2013-10-23,11,7
2013-10-23,12,2
2013-10-23,13,3
2013-10-23,15,2
2013-10-23,16,2
2013-10-23,17,1
2013-10-23,19,1
2013-10-23,20,2
2013-10-23,21,1
2013-10-23,24,1
2013-10-23,26,1
2013-10-23,27,1
2013-10-23,29,1
2013-10-23,32,1
2013-10-23,35,1
2013-10-23,47,1
2013-10-23,52,1
2013-10-24,1,36
2013-10-24,2,33
2013-10-24,3,24
2013-10-24,4,12
2013-10-24,5,19
2013-10-24,6,9
2013-10-24,7,12
2013-10-24,8,12
2013-10-24,9,6
2013-10-24,10,7
2013-10-24,11,5
2013-10-24,12,3
2013-10-24,14,3
2013-10-24,15,1
2013-10-24,16,1
2013-10-24,17,2
2013-10-24,18,1
2013-10-24,19,1
2013-10-24,21,1
2013-10-24,22,2
2013-10-24,23,2
2013-10-24,24,2
2013-10-24,25,1
2013-10-24,26,1
2013-10-24,28,1
2013-10-24,30,1
2013-10-24,39,1
2013-10-24,41,1
2013-10-25,1,27
2013-10-25,2,39
2013-10-25,3,20
2013-10-25,4,17
2013-10-25,5,20
2013-10-25,6,16
2013-10-25,7,6
2013-10-25,8,13
2013-10-25,9,10
2013-10-25,10,3
2013-10-25,11,2
2013-10-25,12,6
2013-10-25,13,2
2013-10-25,14,1
2013-10-25,15,2
2013-10-25,16,2
2013-10-25,17,1
2013-10-25,18,1
2013-10-25,20,2
2013-10-25,23,1
2013-10-25,30,1
2013-10-25,46,2
2013-10-25,52,1
2013-10-28,1,31
2013-10-28,2,25
2013-10-28,3,15
2013-10-28,4,16
2013-10-28,5,25
2013-10-28,6,10
2013-10-28,7,15
2013-10-28,8,7
2013-10-28,9,1
2013-10-28,10,5
2013-10-28,11,5
2013-10-28,12,4
2013-10-28,13,2
2013-10-28,14,3
2013-10-28,18,2
2013-10-28,20,1
2013-10-28,22,1
2013-10-29,1,32
2013-10-29,2,29
2013-10-29,3,26
2013-10-29,4,22
2013-10-29,5,18
2013-10-29,6,11
2013-10-29,7,11
2013-10-29,8,10
2013-10-29,9,7
2013-10-29,10,9
2013-10-29,11,4
2013-10-29,12,4
2013-10-29,13,1
2013-10-29,14,2
2013-10-29,17,1
2013-10-29,18,1
2013-10-29,20,1
2013-10-29,26,1
2013-10-29,29,2
2013-10-29,43,1
2013-10-29,60,1
2013-10-30,1,43
2013-10-30,2,28
2013-10-30,3,28
2013-10-30,4,16
2013-10-30,5,24
2013-10-30,6,13
2013-10-30,7,15
2013-10-30,8,12
2013-10-30,9,5
2013-10-30,10,7
2013-10-30,11,5
2013-10-30,12,3
2013-10-30,13,1
2013-10-30,14,3
2013-10-30,15,1
2013-10-30,16,1
2013-10-30,17,1
2013-10-30,18,2
2013-10-30,19,1
2013-10-30,21,1
2013-10-30,22,1
2013-10-30,28,1
2013-10-30,31,1
2013-10-30,46,1
2013-10-30,50,1
2013-10-31,1,23
2013-10-31,2,31
2013-10-31,3,22
2013-10-31,4,23
2013-10-31,5,21
2013-10-31,6,7
2013-10-31,7,12
2013-10-31,8,3
2013-10-31,9,4
2013-10-31,10,8
2013-10-31,11,6
2013-10-31,12,1
2013-10-31,13,1
2013-10-31,14,1
2013-10-31,15,1
2013-10-31,18,1
2013-10-31,19,2
2013-10-31,20,1
2013-10-31,23,1
2013-10-31,25,1
2013-10-31,26,1
2013-10-31,30,1
2013-10-31,49,1
2013-11-01,1,31
2013-11-01,2,27
2013-11-01,3,26
2013-11-01,4,21
2013-11-01,5,21
2013-11-01,6,12
2013-11-01,7,11
2013-11-01,8,12
2013-11-01,9,4
2013-11-01,10,6
2013-11-01,11,9
2013-11-01,12,4
2013-11-01,13,1
2013-11-01,14,2
2013-11-01,16,1
2013-11-01,18,2
2013-11-01,19,2
2013-11-01,20,1
2013-11-01,22,1
2013-11-01,24,1
2013-11-01,25,2
2013-11-01,27,2
2013-11-01,30,1
2013-11-01,35,1
2013-11-01,36,1
2013-11-01,38,1
2013-11-04,1,23
2013-11-04,2,28
2013-11-04,3,24
2013-11-04,4,22
2013-11-04,5,16
2013-11-04,6,10
2013-11-04,7,9
2013-11-04,8,5
2013-11-04,9,4
2013-11-04,10,12
2013-11-04,11,3
2013-11-04,12,2
2013-11-04,13,2
2013-11-04,14,2
2013-11-04,15,1
2013-11-04,16,4
2013-11-04,17,3
2013-11-04,18,1
2013-11-04,20,2
2013-11-04,21,1
2013-11-04,23,2
2013-11-04,25,1
2013-11-04,34,1
2013-11-04,35,2
2013-11-04,38,1
2013-11-04,46,1
2013-11-05,1,35
2013-11-05,2,26
2013-11-05,3,29
2013-11-05,4,17
2013-11-05,5,16
2013-11-05,6,12
2013-11-05,7,12
2013-11-05,8,7
2013-11-05,9,8
2013-11-05,10,7
2013-11-05,11,2
2013-11-05,12,5
2013-11-05,13,3
2013-11-05,14,1
2013-11-05,15,1
2013-11-05,19,3
2013-11-05,21,2
2013-11-05,25,2
2013-11-05,26,1
2013-11-05,31,1
2013-11-06,1,25
2013-11-06,2,25
2013-11-06,3,22
2013-11-06,4,15
2013-11-06,5,17
2013-11-06,6,7
2013-11-06,7,10
2013-11-06,8,11
2013-11-06,9,9
2013-11-06,10,2
2013-11-06,11,2
2013-11-06,12,4
2013-11-06,13,1
2013-11-06,14,5
2013-11-06,15,3
2013-11-06,17,2
2013-11-06,18,1
2013-11-06,19,1
2013-11-06,21,1
2013-11-06,22,2
2013-11-06,28,1
2013-11-06,30,1
2013-11-06,76,1
2013-11-07,1,32
2013-11-07,2,25
2013-11-07,3,22
2013-11-07,4,22
2013-11-07,5,13
2013-11-07,6,16
2013-11-07,7,12
2013-11-07,8,9
2013-11-07,9,10
2013-11-07,10,3
2013-11-07,11,4
2013-11-07,12,7
2013-11-07,13,3
2013-11-07,14,1
2013-11-07,15,1
2013-11-07,18,1
2013-11-07,19,1
2013-11-07,20,1
2013-11-07,22,1
2013-11-07,23,3
2013-11-07,24,1
2013-11-07,27,1
2013-11-07,28,1
2013-11-07,29,1
2013-11-07,37,1
2013-11-08,1,32
2013-11-08,2,24
2013-11-08,3,21
2013-11-08,4,14
2013-11-08,5,10
2013-11-08,6,16
2013-11-08,7,7
2013-11-08,8,6
2013-11-08,9,6
2013-11-08,10,7
2013-11-08,11,4
2013-11-08,12,4
2013-11-08,13,1
2013-11-08,14,3
2013-11-08,15,3
2013-11-08,16,1
2013-11-08,18,1
2013-11-08,19,1
2013-11-08,20,5
2013-11-08,22,1
2013-11-08,23,1
2013-11-08,24,1
2013-11-08,25,1
2013-11-08,37,1
2013-11-08,41,1
2013-11-12,1,37
2013-11-12,2,34
2013-11-12,3,23
2013-11-12,4,23
2013-11-12,5,16
2013-11-12,6,20
2013-11-12,7,17
2013-11-12,8,14
2013-11-12,9,9
2013-11-12,10,5
2013-11-12,11,8
2013-11-12,12,5
2013-11-12,13,2
2013-11-12,14,4
2013-11-12,15,1
2013-11-12,18,1
2013-11-12,20,1
2013-11-12,21,1
2013-11-12,22,1
2013-11-12,27,1
2013-11-12,35,2
2013-11-13,1,37
2013-11-13,2,28
2013-11-13,3,25
2013-11-13,4,19
2013-11-13,5,18
2013-11-13,6,8
2013-11-13,7,12
2013-11-13,8,6
2013-11-13,9,9
2013-11-13,10,4
2013-11-13,11,4
2013-11-13,12,2
2013-11-13,13,3
2013-11-13,14,3
2013-11-13,15,3
2013-11-13,16,1
2013-11-13,17,1
2013-11-13,18,1
2013-11-13,20,1
2013-11-13,22,2
2013-11-13,23,1
2013-11-13,24,1
2013-11-13,25,1
2013-11-13,30,1
2013-11-13,35,1
2013-11-14,1,33
2013-11-14,2,31
2013-11-14,3,24
2013-11-14,4,14
2013-11-14,5,21
2013-11-14,6,11
2013-11-14,7,20
2013-11-14,8,7
2013-11-14,9,6
2013-11-14,10,8
2013-11-14,11,4
2013-11-14,12,3
2013-11-14,13,2
2013-11-14,14,4
2013-11-14,15,1
2013-11-14,18,1
2013-11-14,19,1
2013-11-14,20,1
2013-11-14,21,2
2013-11-14,24,1
2013-11-14,25,2
2013-11-14,26,1
2013-11-14,27,1
2013-11-14,28,3
2013-11-14,30,1
2013-11-14,40,1
2013-11-15,1,28
2013-11-15,2,28
2013-11-15,3,21
2013-11-15,4,19
2013-11-15,5,16
2013-11-15,6,12
2013-11-15,7,21
2013-11-15,8,12
2013-11-15,9,4
2013-11-15,10,3
2013-11-15,11,3
2013-11-15,12,4
2013-11-15,13,2
2013-11-15,14,2
2013-11-15,20,1
2013-11-15,21,1
2013-11-15,22,1
2013-11-15,26,1
2013-11-15,29,1
2013-11-15,37,1
2013-11-15,41,1
2013-11-15,48,1
2013-11-18,1,31
2013-11-18,2,29
2013-11-18,3,22
2013-11-18,4,24
2013-11-18,5,24
2013-11-18,6,14
2013-11-18,7,17
2013-11-18,8,10
2013-11-18,9,14
2013-11-18,10,6
2013-11-18,11,7
2013-11-18,12,3
2013-11-18,13,3
2013-11-18,14,1
2013-11-18,15,2
2013-11-18,16,2
2013-11-18,17,3
2013-11-18,18,3
2013-11-18,19,3
2013-11-18,21,1
2013-11-18,22,1
2013-11-18,24,2
2013-11-18,27,2
2013-11-18,51,1
2013-11-19,1,16
2013-11-19,2,28
2013-11-19,3,19
2013-11-19,4,15
2013-11-19,5,19
2013-11-19,6,11
2013-11-19,7,5
2013-11-19,8,9
2013-11-19,9,7
2013-11-19,10,6
2013-11-19,11,5
2013-11-19,12,3
2013-11-19,13,3
2013-11-19,14,2
2013-11-19,15,2
2013-11-19,17,2
2013-11-19,18,1
2013-11-19,24,1
2013-11-19,26,1
2013-11-19,30,1
2013-11-20,1,31
2013-11-20,2,34
2013-11-20,3,25
2013-11-20,4,12
2013-11-20,5,15
2013-11-20,6,15
2013-11-20,7,10
2013-11-20,8,6
2013-11-20,9,6
2013-11-20,10,7
2013-11-20,11,8
2013-11-20,12,1
2013-11-20,13,3
2013-11-20,14,5
2013-11-20,15,1
2013-11-20,18,1
2013-11-20,19,1
2013-11-20,26,1
2013-11-20,38,1
2013-11-20,40,1
2013-11-20,52,1
2013-11-21,1,26
2013-11-21,2,32
2013-11-21,3,22
2013-11-21,4,19
2013-11-21,5,15
2013-11-21,6,13
2013-11-21,7,10
2013-11-21,8,10
2013-11-21,9,5
2013-11-21,10,3
2013-11-21,11,1
2013-11-21,12,8
2013-11-21,13,3
2013-11-21,14,3
2013-11-21,15,2
2013-11-21,16,1
2013-11-21,21,2
2013-11-21,34,1
2013-11-22,1,29
2013-11-22,2,29
2013-11-22,3,32
2013-11-22,4,17
2013-11-22,5,21
2013-11-22,6,13
2013-11-22,7,21
2013-11-22,8,11
2013-11-22,9,11
2013-11-22,10,4
2013-11-22,11,6
2013-11-22,12,9
2013-11-22,13,6
2013-11-22,14,2
2013-11-22,15,4
2013-11-22,16,4
2013-11-22,18,2
2013-11-22,20,1
2013-11-22,22,2
2013-11-22,24,1
2013-11-22,30,1
2013-11-22,31,1
2013-11-22,35,1
2013-11-22,36,1
2013-11-25,1,36
2013-11-25,2,26
2013-11-25,3,14
2013-11-25,4,16
2013-11-25,5,12
2013-11-25,6,7
2013-11-25,7,15
2013-11-25,8,9
2013-11-25,9,4
2013-11-25,10,5
2013-11-25,11,4
2013-11-25,12,4
2013-11-25,13,4
2013-11-25,14,3
2013-11-25,15,1
2013-11-25,16,3
2013-11-25,18,1
2013-11-25,19,2
2013-11-25,20,1
2013-11-25,21,1
2013-11-25,23,2
2013-11-25,25,1
2013-11-25,35,1
2013-11-26,1,20
2013-11-26,2,20
2013-11-26,3,16
2013-11-26,4,20
2013-11-26,5,15
2013-11-26,6,9
2013-11-26,7,7
2013-11-26,8,9
2013-11-26,9,7
2013-11-26,10,4
2013-11-26,11,6
2013-11-26,12,3
2013-11-26,13,2
2013-11-26,14,1
2013-11-26,15,3
2013-11-26,16,1
2013-11-26,17,2
2013-11-26,18,1
2013-11-26,21,1
2013-11-26,22,1
2013-11-26,23,2
2013-11-26,30,1
2013-11-26,34,1
2013-11-26,36,1
2013-11-26,38,1
2013-11-26,39,1
2013-11-26,48,1
2013-11-27,1,24
2013-11-27,2,16
2013-11-27,3,28
2013-11-27,4,16
2013-11-27,5,15
2013-11-27,6,11
2013-11-27,7,5
2013-11-27,8,4
2013-11-27,9,4
2013-11-27,10,3
2013-11-27,11,6
2013-11-27,12,1
2013-11-27,13,5
2013-11-27,15,1
2013-11-27,16,5
2013-11-27,17,5
2013-11-27,18,1
2013-11-27,19,2
2013-11-27,20,1
2013-11-27,21,2
2013-11-27,22,1
2013-11-27,24,1
2013-11-27,25,1
2013-11-27,31,1
2013-11-27,33,1
2013-12-02,1,33
2013-12-02,2,24
2013-12-02,3,27
2013-12-02,4,23
2013-12-02,5,11
2013-12-02,6,7
2013-12-02,7,12
2013-12-02,8,15
2013-12-02,9,7
2013-12-02,10,4
2013-12-02,11,7
2013-12-02,12,3
2013-12-02,13,2
2013-12-02,14,4
2013-12-02,15,7
2013-12-02,16,3
2013-12-02,17,1
2013-12-02,18,2
2013-12-02,20,4
2013-12-02,32,1
2013-12-02,33,1
2013-12-03,1,28
2013-12-03,2,27
2013-12-03,3,20
2013-12-03,4,22
2013-12-03,5,18
2013-12-03,6,11
2013-12-03,7,17
2013-12-03,8,7
2013-12-03,9,13
2013-12-03,10,9
2013-12-03,11,5
2013-12-03,12,2
2013-12-03,13,2
2013-12-03,15,2
2013-12-03,16,2
2013-12-03,17,2
2013-12-03,18,2
2013-12-03,22,1
2013-12-03,24,1
2013-12-03,25,2
2013-12-03,26,1
2013-12-03,27,1
2013-12-03,28,1
2013-12-03,34,1
2013-12-03,36,2
2013-12-04,1,29
2013-12-04,2,30
2013-12-04,3,24
2013-12-04,4,26
2013-12-04,5,14
2013-12-04,6,22
2013-12-04,7,11
2013-12-04,8,12
2013-12-04,9,7
2013-12-04,10,5
2013-12-04,11,4
2013-12-04,12,3
2013-12-04,14,5
2013-12-04,15,2
2013-12-04,16,3
2013-12-04,19,3
2013-12-04,22,1
2013-12-04,29,1
2013-12-04,31,1
2013-12-04,32,1
2013-12-04,38,1
2013-12-04,85,1
2013-12-05,1,36
2013-12-05,2,33
2013-12-05,3,25
2013-12-05,4,26
2013-12-05,5,19
2013-12-05,6,13
2013-12-05,7,15
2013-12-05,8,10
2013-12-05,9,11
2013-12-05,10,2
2013-12-05,11,4
2013-12-05,12,4
2013-12-05,13,5
2013-12-05,15,5
2013-12-05,16,2
2013-12-05,17,5
2013-12-05,18,2
2013-12-05,19,1
2013-12-05,20,1
2013-12-05,21,1
2013-12-05,23,1
2013-12-05,24,1
2013-12-05,30,1
2013-12-05,32,1
2013-12-05,34,1
2013-12-05,35,1
2013-12-05,41,1
2013-12-05,45,1
2013-12-05,46,1
2013-12-06,1,33
2013-12-06,2,34
2013-12-06,3,21
2013-12-06,4,15
2013-12-06,5,26
2013-12-06,6,13
2013-12-06,7,14
2013-12-06,8,12
2013-12-06,9,3
2013-12-06,10,9
2013-12-06,11,2
2013-12-06,12,3
2013-12-06,13,1
2013-12-06,14,1
2013-12-06,16,4
2013-12-06,17,1
2013-12-06,18,1
2013-12-06,20,2
2013-12-06,22,1
2013-12-06,24,1
2013-12-06,33,1
2013-12-06,36,1
2013-12-06,82,1
2013-12-09,1,25
2013-12-09,2,29
2013-12-09,3,26
2013-12-09,4,21
2013-12-09,5,29
2013-12-09,6,22
2013-12-09,7,16
2013-12-09,8,12
2013-12-09,9,10
2013-12-09,10,9
2013-12-09,11,8
2013-12-09,12,8
2013-12-09,13,3
2013-12-09,14,5
2013-12-09,15,5
2013-12-09,16,1
2013-12-09,17,4
2013-12-09,19,1
2013-12-09,21,3
2013-12-09,22,1
2013-12-09,24,1
2013-12-09,25,3
2013-12-09,29,1
2013-12-09,30,1
2013-12-09,32,2
2013-12-10,1,24
2013-12-10,2,30
2013-12-10,3,30
2013-12-10,4,21
2013-12-10,5,15
2013-12-10,6,8
2013-12-10,7,10
2013-12-10,8,5
2013-12-10,9,13
2013-12-10,10,7
2013-12-10,11,5
2013-12-10,12,5
2013-12-10,13,4
2013-12-10,14,1
2013-12-10,15,4
2013-12-10,17,1
2013-12-10,18,2
2013-12-10,19,1
2013-12-10,20,2
2013-12-10,34,1
2013-12-10,39,1
2013-12-11,1,35
2013-12-11,2,25
2013-12-11,3,29
2013-12-11,4,17
2013-12-11,5,19
2013-12-11,6,17
2013-12-11,7,16
2013-12-11,8,13
2013-12-11,9,9
2013-12-11,10,11
2013-12-11,11,6
2013-12-11,12,6
2013-12-11,13,4
2013-12-11,14,4
2013-12-11,15,3
2013-12-11,16,5
2013-12-11,17,1
2013-12-11,18,2
2013-12-11,19,2
2013-12-11,20,1
2013-12-11,21,1
2013-12-11,22,2
2013-12-11,24,1
2013-12-11,25,1
2013-12-11,27,1
2013-12-11,30,1
2013-12-11,33,1
2013-12-11,34,1
2013-12-11,38,1
2013-12-11,44,1
2013-12-11,45,1
2013-12-11,46,1
2013-12-12,1,24
2013-12-12,2,28
2013-12-12,3,21
2013-12-12,4,24
2013-12-12,5,25
2013-12-12,6,14
2013-12-12,7,4
2013-12-12,8,8
2013-12-12,9,14
2013-12-12,10,6
2013-12-12,11,2
2013-12-12,12,5
2013-12-12,13,2
2013-12-12,14,4
2013-12-12,15,3
2013-12-12,18,1
2013-12-12,19,2
2013-12-12,20,1
2013-12-12,22,1
2013-12-12,30,1
2013-12-12,36,1
2013-12-12,38,1
2013-12-12,39,1
2013-12-13,1,30
2013-12-13,2,21
2013-12-13,3,21
2013-12-13,4,12
2013-12-13,5,19
2013-12-13,6,4
2013-12-13,7,14
2013-12-13,8,8
2013-12-13,9,5
2013-12-13,10,3
2013-12-13,11,1
2013-12-13,12,3
2013-12-13,13,2
2013-12-13,14,1
2013-12-13,15,1
2013-12-13,18,1
2013-12-13,19,1
2013-12-13,20,3
2013-12-13,31,1
2013-12-13,44,1
2013-12-13,49,1
2013-12-16,1,39
2013-12-16,2,41
2013-12-16,3,26
2013-12-16,4,40
2013-12-16,5,36
2013-12-16,6,28
2013-12-16,7,26
2013-12-16,8,25
2013-12-16,9,20
2013-12-16,10,15
2013-12-16,11,27
2013-12-16,12,14
2013-12-16,13,10
2013-12-16,14,9
2013-12-16,15,10
2013-12-16,16,8
2013-12-16,17,7
2013-12-16,18,4
2013-12-16,19,6
2013-12-16,20,10
2013-12-16,21,3
2013-12-16,22,3
2013-12-16,23,4
2013-12-16,24,5
2013-12-16,26,1
2013-12-16,27,1
2013-12-16,28,3
2013-12-16,31,2
2013-12-16,32,2
2013-12-16,33,2
2013-12-16,35,1
2013-12-16,36,1
2013-12-16,40,1
2013-12-17,1,45
2013-12-17,2,42
2013-12-17,3,39
2013-12-17,4,28
2013-12-17,5,28
2013-12-17,6,17
2013-12-17,7,16
2013-12-17,8,12
2013-12-17,9,13
2013-12-17,10,18
2013-12-17,11,10
2013-12-17,12,4
2013-12-17,13,11
2013-12-17,14,5
2013-12-17,15,5
2013-12-17,16,7
2013-12-17,17,5
2013-12-17,18,5
2013-12-17,19,5
2013-12-17,20,1
2013-12-17,21,2
2013-12-17,22,1
2013-12-17,23,2
2013-12-17,24,1
2013-12-17,25,1
2013-12-17,26,1
2013-12-17,28,1
2013-12-17,29,3
2013-12-17,30,1
2013-12-17,32,1
2013-12-17,35,1
2013-12-17,36,1
2013-12-18,1,42
2013-12-18,2,47
2013-12-18,3,37
2013-12-18,4,45
2013-12-18,5,39
2013-12-18,6,35
2013-12-18,7,30
2013-12-18,8,22
2013-12-18,9,17
2013-12-18,10,16
2013-12-18,11,23
2013-12-18,12,14
2013-12-18,13,9
2013-12-18,14,12
2013-12-18,15,16
2013-12-18,16,6
2013-12-18,17,9
2013-12-18,18,6
2013-12-18,19,6
2013-12-18,20,2
2013-12-18,21,5
2013-12-18,22,5
2013-12-18,23,7
2013-12-18,24,6
2013-12-18,25,4
2013-12-18,26,2
2013-12-18,27,2
2013-12-18,28,4
2013-12-18,29,3
2013-12-18,30,2
2013-12-18,31,3
2013-12-18,32,2
2013-12-18,33,1
2013-12-18,34,4
2013-12-18,38,1
2013-12-18,39,1
2013-12-18,40,1
2013-12-18,41,1
2013-12-18,42,1
2013-12-18,45,1
2013-12-18,46,1
2013-12-18,57,1
2013-12-18,63,1
2013-12-18,80,1
2013-12-19,1,41
2013-12-19,2,54
2013-12-19,3,40
2013-12-19,4,26
2013-12-19,5,20
2013-12-19,6,28
2013-12-19,7,19
2013-12-19,8,19
2013-12-19,9,16
2013-12-19,10,14
2013-12-19,11,11
2013-12-19,12,9
2013-12-19,13,12
2013-12-19,14,8
2013-12-19,15,5
2013-12-19,16,4
2013-12-19,17,5
2013-12-19,18,6
2013-12-19,19,4
2013-12-19,20,5
2013-12-19,21,3
2013-12-19,22,1
2013-12-19,23,4
2013-12-19,24,3
2013-12-19,25,1
2013-12-19,26,2
2013-12-19,27,2
2013-12-19,28,4
2013-12-19,29,1
2013-12-19,30,3
2013-12-19,31,1
2013-12-19,32,1
2013-12-19,33,1
2013-12-19,34,1
2013-12-19,36,2
2013-12-19,37,1
2013-12-19,41,2
2013-12-19,49,1
2013-12-19,52,1
2013-12-19,56,1
2013-12-19,85,1
2013-12-20,1,33
2013-12-20,2,28
2013-12-20,3,35
2013-12-20,4,21
2013-12-20,5,19
2013-12-20,6,16
2013-12-20,7,14
2013-12-20,8,15
2013-12-20,9,15
2013-12-20,10,12
2013-12-20,11,6
2013-12-20,12,3
2013-12-20,13,7
2013-12-20,14,2
2013-12-20,15,2
2013-12-20,16,5
2013-12-20,17,4
2013-12-20,18,8
2013-12-20,20,2
2013-12-20,23,1
2013-12-20,24,3
2013-12-20,25,1
2013-12-20,30,1
2013-12-20,32,1
2013-12-20,33,1
2013-12-20,36,1
2013-12-20,37,1
2013-12-20,39,1
2013-12-20,55,1
2014-01-06,1,40
2014-01-06,2,40
2014-01-06,3,26
2014-01-06,4,33
2014-01-06,5,21
2014-01-06,6,24
2014-01-06,7,20
2014-01-06,8,16
2014-01-06,9,21
2014-01-06,10,14
2014-01-06,11,16
2014-01-06,12,13
2014-01-06,13,11
2014-01-06,14,8
2014-01-06,15,7
2014-01-06,16,9
2014-01-06,17,6
2014-01-06,18,7
2014-01-06,19,5
2014-01-06,20,4
2014-01-06,21,3
2014-01-06,22,6
2014-01-06,23,5
2014-01-06,24,4
2014-01-06,25,5
2014-01-06,26,3
2014-01-06,27,3
2014-01-06,28,2
2014-01-06,29,3
2014-01-06,30,2
2014-01-06,31,3
2014-01-06,32,1
2014-01-06,33,1
2014-01-06,34,2
2014-01-06,35,1
2014-01-06,36,2
2014-01-06,37,3
2014-01-06,38,2
2014-01-06,40,6
2014-01-06,41,4
2014-01-06,42,1
2014-01-06,43,1
2014-01-06,44,2
2014-01-06,45,3
2014-01-06,46,3
2014-01-06,51,1
2014-01-06,52,1
2014-01-06,53,1
2014-01-06,54,1
2014-01-06,60,4
2014-01-06,61,1
2014-01-06,62,1
2014-01-06,64,2
2014-01-06,65,1
2014-01-06,70,1
2014-01-06,74,1
2014-01-06,75,1
2014-01-06,79,1
2014-01-06,87,1
2014-01-07,1,29
2014-01-07,2,34
2014-01-07,3,20
2014-01-07,4,23
2014-01-07,5,17
2014-01-07,6,15
2014-01-07,7,15
2014-01-07,8,4
2014-01-07,9,7
2014-01-07,10,5
2014-01-07,11,7
2014-01-07,12,4
2014-01-07,13,5
2014-01-07,14,4
2014-01-07,15,2
2014-01-07,16,2
2014-01-07,18,2
2014-01-07,20,4
2014-01-07,21,3
2014-01-07,22,5
2014-01-07,23,3
2014-01-07,24,2
2014-01-07,27,1
2014-01-07,32,1
2014-01-07,36,1
2014-01-07,37,1
2014-01-07,53,1
2014-01-07,57,1
2014-01-07,60,1
2014-01-07,62,1
2014-01-08,1,31
2014-01-08,2,31
2014-01-08,3,30
2014-01-08,4,21
2014-01-08,5,18
2014-01-08,6,18
2014-01-08,7,6
2014-01-08,8,8
2014-01-08,9,6
2014-01-08,10,7
2014-01-08,11,8
2014-01-08,12,4
2014-01-08,13,2
2014-01-08,14,6
2014-01-08,15,5
2014-01-08,16,1
2014-01-08,17,4
2014-01-08,18,1
2014-01-08,19,2
2014-01-08,20,2
2014-01-08,22,3
2014-01-08,28,1
2014-01-08,31,1
2014-01-08,35,1
2014-01-08,38,1
2014-01-08,43,1
2014-01-08,77,1
2014-01-08,98,1
2014-01-08,106,1
2014-01-09,1,34
2014-01-09,2,27
2014-01-09,3,19
2014-01-09,4,20
2014-01-09,5,24
2014-01-09,6,18
2014-01-09,7,11
2014-01-09,8,8
2014-01-09,9,10
2014-01-09,10,9
2014-01-09,11,5
2014-01-09,12,3
2014-01-09,13,2
2014-01-09,14,3
2014-01-09,15,1
2014-01-09,16,2
2014-01-09,17,3
2014-01-09,18,3
2014-01-09,19,2
2014-01-09,22,2
2014-01-09,23,1
2014-01-09,31,1
2014-01-09,32,1
2014-01-09,36,1
2014-01-09,40,2
2014-01-10,1,44
2014-01-10,2,28
2014-01-10,3,28
2014-01-10,4,25
2014-01-10,5,24
2014-01-10,6,19
2014-01-10,7,15
2014-01-10,8,12
2014-01-10,9,7
2014-01-10,10,10
2014-01-10,11,14
2014-01-10,12,8
2014-01-10,13,8
2014-01-10,14,6
2014-01-10,15,4
2014-01-10,16,2
2014-01-10,17,4
2014-01-10,18,3
2014-01-10,19,2
2014-01-10,20,2
2014-01-10,21,1
2014-01-10,23,1
2014-01-10,25,3
2014-01-10,26,1
2014-01-10,28,1
2014-01-10,29,4
2014-01-10,31,1
2014-01-10,32,5
2014-01-10,34,4
2014-01-10,36,3
2014-01-10,38,1
2014-01-10,39,1
2014-01-10,42,1
2014-01-10,43,2
2014-01-10,44,1
2014-01-10,48,2
2014-01-10,49,1
2014-01-10,50,1
2014-01-10,51,1
2014-01-10,58,1
2014-01-10,60,1
2014-01-10,61,1
2014-01-10,76,1
2014-01-13,1,23
2014-01-13,2,28
2014-01-13,3,22
2014-01-13,4,21
2014-01-13,5,21
2014-01-13,6,8
2014-01-13,7,7
2014-01-13,8,13
2014-01-13,9,8
2014-01-13,10,8
2014-01-13,11,1
2014-01-13,12,4
2014-01-13,13,2
2014-01-13,15,1
2014-01-13,16,1
2014-01-13,21,1
2014-01-13,22,2
2014-01-13,24,2
2014-01-13,28,1
2014-01-13,31,1
2014-01-13,33,1
2014-01-14,1,30
2014-01-14,2,26
2014-01-14,3,23
2014-01-14,4,14
2014-01-14,5,16
2014-01-14,6,15
2014-01-14,7,13
2014-01-14,8,6
2014-01-14,9,7
2014-01-14,10,5
2014-01-14,11,9
2014-01-14,12,4
2014-01-14,13,3
2014-01-14,14,2
2014-01-14,15,3
2014-01-14,16,1
2014-01-14,17,3
2014-01-14,18,2
2014-01-14,19,1
2014-01-14,20,1
2014-01-14,23,1
2014-01-14,24,2
2014-01-14,25,1
2014-01-14,27,1
2014-01-14,29,1
2014-01-14,33,1
2014-01-14,40,1
2014-01-14,56,1
2014-01-15,1,35
2014-01-15,2,18
2014-01-15,3,23
2014-01-15,4,22
2014-01-15,5,14
2014-01-15,6,13
2014-01-15,7,4
2014-01-15,8,9
2014-01-15,9,7
2014-01-15,10,3
2014-01-15,11,1
2014-01-15,12,2
2014-01-15,13,1
2014-01-15,14,3
2014-01-15,15,1
2014-01-15,16,3
2014-01-15,17,1
2014-01-15,18,2
2014-01-15,19,1
2014-01-15,20,1
2014-01-15,22,1
2014-01-15,23,1
2014-01-15,28,2
2014-01-15,30,1
2014-01-15,44,1
2014-01-15,46,1
2014-01-15,54,1
2014-01-15,57,1
2014-01-15,108,1
2014-01-16,1,19
2014-01-16,2,25
2014-01-16,3,25
2014-01-16,4,6
2014-01-16,5,14
2014-01-16,6,16
2014-01-16,7,13
2014-01-16,8,7
2014-01-16,9,3
2014-01-16,10,5
2014-01-16,11,5
2014-01-16,12,2
2014-01-16,13,5
2014-01-16,14,1
2014-01-16,15,3
2014-01-16,16,1
2014-01-16,17,2
2014-01-16,18,2
2014-01-16,19,1
2014-01-16,20,1
2014-01-16,22,1
2014-01-16,24,1
2014-01-16,29,1
2014-01-17,1,28
2014-01-17,2,22
2014-01-17,3,16
2014-01-17,4,16
2014-01-17,5,16
2014-01-17,6,6
2014-01-17,7,10
2014-01-17,8,3
2014-01-17,9,3
2014-01-17,10,3
2014-01-17,11,5
2014-01-17,12,3
2014-01-17,13,1
2014-01-17,20,2
2014-01-17,22,1
2014-01-17,23,2
2014-01-17,47,1
2014-01-17,65,1
2014-01-21,1,27
2014-01-21,2,18
2014-01-21,3,20
2014-01-21,4,17
2014-01-21,5,16
2014-01-21,6,6
2014-01-21,7,4
2014-01-21,8,10
2014-01-21,9,5
2014-01-21,10,5
2014-01-21,11,6
2014-01-21,13,1
2014-01-21,15,1
2014-01-21,16,1
2014-01-21,17,1
2014-01-21,18,1
2014-01-21,19,1
2014-01-21,21,1
2014-01-21,23,1
2014-01-21,36,1
2014-01-23,1,24
2014-01-23,2,25
2014-01-23,3,21
2014-01-23,4,18
2014-01-23,5,20
2014-01-23,6,19
2014-01-23,7,8
2014-01-23,8,16
2014-01-23,9,9
2014-01-23,10,7
2014-01-23,11,6
2014-01-23,12,6
2014-01-23,13,8
2014-01-23,14,4
2014-01-23,15,4
2014-01-23,17,7
2014-01-23,18,4
2014-01-23,20,3
2014-01-23,21,1
2014-01-23,22,1
2014-01-23,24,1
2014-01-23,29,1
2014-01-23,31,2
2014-01-23,39,1
2014-01-23,40,1
2014-01-23,42,1
2014-01-23,46,1
2014-01-23,83,2
2014-01-24,1,26
2014-01-24,2,30
2014-01-24,3,19
2014-01-24,4,10
2014-01-24,5,15
2014-01-24,6,11
2014-01-24,7,6
2014-01-24,8,10
2014-01-24,9,5
2014-01-24,10,6
2014-01-24,11,3
2014-01-24,12,2
2014-01-24,13,1
2014-01-24,14,1
2014-01-24,15,1
2014-01-24,16,1
2014-01-24,19,1
2014-01-24,20,1
2014-01-24,21,1
2014-01-24,23,1
2014-01-24,31,2
2014-01-27,1,33
2014-01-27,2,20
2014-01-27,3,10
2014-01-27,4,16
2014-01-27,5,17
2014-01-27,6,13
2014-01-27,7,3
2014-01-27,8,6
2014-01-27,9,3
2014-01-27,10,4
2014-01-27,11,2
2014-01-27,12,1
2014-01-27,13,6
2014-01-27,14,2
2014-01-27,15,1
2014-01-27,16,1
2014-01-27,17,3
2014-01-27,18,1
2014-01-27,19,1
2014-01-27,21,1
2014-01-27,27,1
2014-01-27,28,1
2014-01-27,38,1
2014-01-27,46,1
2014-01-27,84,1
2014-01-28,1,33
2014-01-28,2,23
2014-01-28,3,17
2014-01-28,4,11
2014-01-28,5,15
2014-01-28,6,10
2014-01-28,7,10
2014-01-28,8,7
2014-01-28,9,3
2014-01-28,10,7
2014-01-28,11,2
2014-01-28,12,3
2014-01-28,14,2
2014-01-28,15,1
2014-01-28,16,3
2014-01-28,17,1
2014-01-28,18,1
2014-01-28,19,3
2014-01-28,20,1
2014-01-28,23,2
2014-01-28,26,2
2014-01-29,1,33
2014-01-29,2,28
2014-01-29,3,30
2014-01-29,4,16
2014-01-29,5,15
2014-01-29,6,12
2014-01-29,7,11
2014-01-29,8,5
2014-01-29,9,7
2014-01-29,10,3
2014-01-29,11,5
2014-01-29,12,3
2014-01-29,13,2
2014-01-29,14,3
2014-01-29,16,2
2014-01-29,18,1
2014-01-29,19,2
2014-01-29,21,1
2014-01-29,22,1
2014-01-29,23,1
2014-01-29,24,2
2014-01-30,1,26
2014-01-30,2,25
2014-01-30,3,22
2014-01-30,4,11
2014-01-30,5,19
2014-01-30,6,16
2014-01-30,7,9
2014-01-30,8,12
2014-01-30,9,8
2014-01-30,10,3
2014-01-30,11,3
2014-01-30,12,3
2014-01-30,13,5
2014-01-30,14,2
2014-01-30,15,1
2014-01-30,16,1
2014-01-30,17,2
2014-01-30,18,3
2014-01-30,19,1
2014-01-30,20,2
2014-01-30,21,1
2014-01-30,23,1
2014-01-30,25,1
2014-01-30,26,2
2014-01-30,47,1
2014-01-30,99,1
2014-01-30,107,1
2014-01-31,1,24
2014-01-31,2,23
2014-01-31,3,17
2014-01-31,4,20
2014-01-31,5,9
2014-01-31,6,6
2014-01-31,7,4
2014-01-31,8,4
2014-01-31,9,4
2014-01-31,10,4
2014-01-31,11,3
2014-01-31,12,2
2014-01-31,13,3
2014-01-31,14,2
2014-01-31,15,1
2014-01-31,18,3
2014-01-31,19,1
2014-01-31,23,1
2014-01-31,24,2
2014-01-31,25,1
2014-01-31,26,1
2014-01-31,29,1
2014-01-31,31,1
2014-01-31,34,1
2014-01-31,38,1
2014-02-03,1,22
2014-02-03,2,17
2014-02-03,3,21
2014-02-03,4,16
2014-02-03,5,13
2014-02-03,6,10
2014-02-03,7,7
2014-02-03,8,6
2014-02-03,9,5
2014-02-03,10,7
2014-02-03,12,3
2014-02-03,13,2
2014-02-03,14,1
2014-02-03,15,1
2014-02-03,17,1
2014-02-03,19,1
2014-02-03,20,1
2014-02-03,21,1
2014-02-03,24,1
2014-02-03,32,1
2014-02-03,55,1
2014-02-04,1,26
2014-02-04,2,30
2014-02-04,3,29
2014-02-04,4,25
2014-02-04,5,9
2014-02-04,6,18
2014-02-04,7,13
2014-02-04,8,13
2014-02-04,9,9
2014-02-04,10,9
2014-02-04,11,6
2014-02-04,12,5
2014-02-04,13,3
2014-02-04,14,3
2014-02-04,15,1
2014-02-04,16,3
2014-02-04,17,2
2014-02-04,18,2
2014-02-04,19,2
2014-02-04,20,1
2014-02-04,21,1
2014-02-04,22,1
2014-02-04,23,2
2014-02-04,29,1
2014-02-04,32,1
2014-02-04,34,1
2014-02-04,36,1
2014-02-06,1,38
2014-02-06,2,36
2014-02-06,3,44
2014-02-06,4,26
2014-02-06,5,25
2014-02-06,6,35
2014-02-06,7,34
2014-02-06,8,22
2014-02-06,9,13
2014-02-06,10,15
2014-02-06,11,16
2014-02-06,12,14
2014-02-06,13,8
2014-02-06,14,14
2014-02-06,15,11
2014-02-06,16,13
2014-02-06,17,10
2014-02-06,18,7
2014-02-06,19,3
2014-02-06,20,6
2014-02-06,21,5
2014-02-06,22,2
2014-02-06,23,2
2014-02-06,24,3
2014-02-06,26,1
2014-02-06,28,2
2014-02-06,29,1
2014-02-06,30,1
2014-02-06,31,1
2014-02-06,33,2
2014-02-06,34,1
2014-02-06,35,1
2014-02-06,36,2
2014-02-06,40,1
2014-02-06,41,1
2014-02-06,45,1
2014-02-06,46,1
2014-02-06,47,1
2014-02-06,60,1
2014-02-06,69,1
2014-02-07,1,35
2014-02-07,2,27
2014-02-07,3,28
2014-02-07,4,31
2014-02-07,5,21
2014-02-07,6,16
2014-02-07,7,8
2014-02-07,8,10
2014-02-07,9,15
2014-02-07,10,16
2014-02-07,11,10
2014-02-07,12,5
2014-02-07,13,12
2014-02-07,14,4
2014-02-07,15,7
2014-02-07,16,3
2014-02-07,17,3
2014-02-07,18,2
2014-02-07,19,2
2014-02-07,20,4
2014-02-07,21,2
2014-02-07,22,2
2014-02-07,23,2
2014-02-07,26,1
2014-02-07,27,1
2014-02-07,28,1
2014-02-07,33,1
2014-02-07,34,1
2014-02-07,38,1
2014-02-07,42,1
2014-02-07,45,1
2014-02-07,46,1
2014-02-10,1,41
2014-02-10,2,40
2014-02-10,3,38
2014-02-10,4,22
2014-02-10,5,21
2014-02-10,6,14
2014-02-10,7,12
2014-02-10,8,10
2014-02-10,9,14
2014-02-10,10,6
2014-02-10,11,7
2014-02-10,12,3
2014-02-10,13,2
2014-02-10,14,4
2014-02-10,15,3
2014-02-10,16,5
2014-02-10,17,4
2014-02-10,19,2
2014-02-10,20,1
2014-02-10,22,1
2014-02-10,23,1
2014-02-10,24,1
2014-02-10,29,1
2014-02-10,31,1
2014-02-10,32,2
2014-02-10,35,1
2014-02-11,1,40
2014-02-11,2,26
2014-02-11,3,32
2014-02-11,4,19
2014-02-11,5,16
2014-02-11,6,17
2014-02-11,7,21
2014-02-11,8,7
2014-02-11,9,6
2014-02-11,10,10
2014-02-11,11,7
2014-02-11,12,8
2014-02-11,13,9
2014-02-11,14,4
2014-02-11,15,2
2014-02-11,16,1
2014-02-11,17,3
2014-02-11,18,1
2014-02-11,20,1
2014-02-11,21,1
2014-02-11,22,2
2014-02-11,23,3
2014-02-11,28,1
2014-02-11,30,1
2014-02-11,31,1
2014-02-11,32,1
2014-02-11,33,2
2014-02-11,44,2
2014-02-11,47,1
2014-02-12,1,38
2014-02-12,2,32
2014-02-12,3,27
2014-02-12,4,24
2014-02-12,5,16
2014-02-12,6,17
2014-02-12,7,13
2014-02-12,8,16
2014-02-12,9,6
2014-02-12,10,5
2014-02-12,11,3
2014-02-12,12,6
2014-02-12,13,2
2014-02-12,14,3
2014-02-12,15,4
2014-02-12,16,1
2014-02-12,17,3
2014-02-12,18,2
2014-02-12,20,2
2014-02-12,22,1
2014-02-12,23,1
2014-02-12,24,1
2014-02-12,25,1
2014-02-12,28,1
2014-02-12,30,1
2014-02-12,33,1
2014-02-13,1,35
2014-02-13,2,27
2014-02-13,3,37
2014-02-13,4,29
2014-02-13,5,29
2014-02-13,6,23
2014-02-13,7,17
2014-02-13,8,16
2014-02-13,9,11
2014-02-13,10,14
2014-02-13,11,9
2014-02-13,12,10
2014-02-13,13,11
2014-02-13,14,8
2014-02-13,15,11
2014-02-13,16,6
2014-02-13,17,8
2014-02-13,18,8
2014-02-13,19,6
2014-02-13,20,5
2014-02-13,21,2
2014-02-13,22,5
2014-02-13,23,4
2014-02-13,24,3
2014-02-13,25,2
2014-02-13,26,2
2014-02-13,27,2
2014-02-13,29,1
2014-02-13,31,3
2014-02-13,33,1
2014-02-13,34,2
2014-02-13,35,1
2014-02-13,37,1
2014-02-13,38,1
2014-02-13,43,1
2014-02-13,48,1
2014-02-13,51,1
2014-02-13,52,1
2014-02-13,53,1
2014-02-13,54,1
2014-02-13,69,1
2014-02-13,73,1
2014-02-13,84,1
2014-02-13,85,1
2014-02-13,96,1
2014-02-13,102,1
2014-02-14,1,42
2014-02-14,2,52
2014-02-14,3,32
2014-02-14,4,26
2014-02-14,5,22
2014-02-14,6,24
2014-02-14,7,16
2014-02-14,8,14
2014-02-14,9,8
2014-02-14,10,13
2014-02-14,11,10
2014-02-14,12,9
2014-02-14,13,6
2014-02-14,14,5
2014-02-14,15,4
2014-02-14,16,2
2014-02-14,17,4
2014-02-14,18,1
2014-02-14,19,1
2014-02-14,20,2
2014-02-14,21,2
2014-02-14,22,4
2014-02-14,23,1
2014-02-14,24,1
2014-02-14,25,1
2014-02-14,27,1
2014-02-14,34,1
2014-02-14,35,1
2014-02-14,36,1
2014-02-14,40,2
2014-02-14,42,1
2014-02-14,55,1
2014-02-14,81,1
2014-02-24,1,27
2014-02-24,2,25
2014-02-24,3,19
2014-02-24,4,17
2014-02-24,5,19
2014-02-24,6,11
2014-02-24,7,6
2014-02-24,8,4
2014-02-24,9,5
2014-02-24,10,7
2014-02-24,11,3
2014-02-24,12,4
2014-02-24,13,5
2014-02-24,14,3
2014-02-24,15,2
2014-02-24,16,1
2014-02-24,17,2
2014-02-24,19,2
2014-02-24,20,1
2014-02-24,21,1
2014-02-24,22,1
2014-02-24,24,1
2014-02-24,26,1
2014-02-24,35,1
2014-02-24,37,1
2014-02-24,38,1
2014-02-25,1,28
2014-02-25,2,28
2014-02-25,3,25
2014-02-25,4,16
2014-02-25,5,14
2014-02-25,6,10
2014-02-25,7,9
2014-02-25,8,5
2014-02-25,9,10
2014-02-25,10,4
2014-02-25,11,2
2014-02-25,12,2
2014-02-25,13,4
2014-02-25,14,2
2014-02-25,15,2
2014-02-25,16,3
2014-02-25,17,2
2014-02-25,19,2
2014-02-25,21,1
2014-02-25,25,1
2014-02-25,26,1
2014-02-25,80,1
2014-02-26,1,43
2014-02-26,2,27
2014-02-26,3,15
2014-02-26,4,19
2014-02-26,5,12
2014-02-26,6,17
2014-02-26,7,8
2014-02-26,8,8
2014-02-26,9,6
2014-02-26,10,3
2014-02-26,11,3
2014-02-26,12,2
2014-02-26,13,3
2014-02-26,14,2
2014-02-26,16,1
2014-02-26,17,1
2014-02-26,20,1
2014-02-26,21,1
2014-02-26,27,1
2014-02-26,29,1
2014-02-27,1,31
2014-02-27,2,15
2014-02-27,3,19
2014-02-27,4,24
2014-02-27,5,13
2014-02-27,6,13
2014-02-27,7,7
2014-02-27,8,11
2014-02-27,9,6
2014-02-27,10,6
2014-02-27,11,2
2014-02-27,12,3
2014-02-27,13,2
2014-02-27,14,1
2014-02-27,15,1
2014-02-27,16,2
2014-02-27,17,1
2014-02-27,19,2
2014-02-27,23,2
2014-02-27,25,1
2014-02-27,33,1
2014-02-27,100,1
2014-02-28,1,28
2014-02-28,2,22
2014-02-28,3,21
2014-02-28,4,14
2014-02-28,5,16
2014-02-28,6,14
2014-02-28,7,15
2014-02-28,8,10
2014-02-28,9,10
2014-02-28,10,7
2014-02-28,11,10
2014-02-28,12,1
2014-02-28,13,2
2014-02-28,14,1
2014-02-28,15,5
2014-02-28,17,2
2014-02-28,18,1
2014-02-28,19,4
2014-02-28,20,1
2014-02-28,26,1
2014-02-28,30,1
2014-02-28,39,1
2014-02-28,46,1
2014-02-28,47,1
2014-03-03,1,27
2014-03-03,2,32
2014-03-03,3,24
2014-03-03,4,25
2014-03-03,5,15
2014-03-03,6,14
2014-03-03,7,11
2014-03-03,8,3
2014-03-03,9,12
2014-03-03,10,4
2014-03-03,11,2
2014-03-03,12,2
2014-03-03,13,4
2014-03-03,14,3
2014-03-03,15,1
2014-03-03,16,2
2014-03-03,17,1
2014-03-03,18,2
2014-03-03,25,1
2014-03-03,26,2
2014-03-03,35,1
2014-03-03,53,1
2014-03-04,1,34
2014-03-04,2,13
2014-03-04,3,20
2014-03-04,4,13
2014-03-04,5,13
2014-03-04,6,11
2014-03-04,7,14
2014-03-04,8,9
2014-03-04,9,8
2014-03-04,10,6
2014-03-04,11,4
2014-03-04,12,1
2014-03-04,13,1
2014-03-04,14,2
2014-03-04,15,2
2014-03-04,16,2
2014-03-04,17,1
2014-03-04,18,1
2014-03-04,19,1
2014-03-04,28,1
2014-03-04,29,1
2014-03-04,34,1
2014-03-05,1,38
2014-03-05,2,22
2014-03-05,3,18
2014-03-05,4,19
2014-03-05,5,9
2014-03-05,6,14
2014-03-05,7,10
2014-03-05,8,6
2014-03-05,9,5
2014-03-05,10,6
2014-03-05,11,5
2014-03-05,12,3
2014-03-05,13,2
2014-03-05,14,1
2014-03-05,15,1
2014-03-05,16,1
2014-03-05,17,2
2014-03-05,20,1
2014-03-05,21,1
2014-03-05,27,1
2014-03-05,29,1
2014-03-05,50,1
2014-03-06,1,24
2014-03-06,2,25
2014-03-06,3,28
2014-03-06,4,21
2014-03-06,5,7
2014-03-06,6,6
2014-03-06,7,14
2014-03-06,8,7
2014-03-06,9,3
2014-03-06,11,3
2014-03-06,12,1
2014-03-06,14,3
2014-03-06,16,3
2014-03-06,17,1
2014-03-06,18,3
2014-03-06,24,1
2014-03-06,71,1
2014-03-06,88,1
2014-03-07,1,26
2014-03-07,2,21
2014-03-07,3,20
2014-03-07,4,19
2014-03-07,5,17
2014-03-07,6,17
2014-03-07,7,9
2014-03-07,8,10
2014-03-07,9,3
2014-03-07,10,4
2014-03-07,11,6
2014-03-07,12,3
2014-03-07,13,2
2014-03-07,14,3
2014-03-07,15,1
2014-03-07,16,2
2014-03-07,17,1
2014-03-07,19,2
2014-03-07,23,1
2014-03-07,24,1
2014-03-07,25,1
2014-03-07,27,2
2014-03-07,28,2
2014-03-07,37,1
2014-03-10,1,43
2014-03-10,2,19
2014-03-10,3,22
2014-03-10,4,23
2014-03-10,5,9
2014-03-10,6,13
2014-03-10,7,10
2014-03-10,8,15
2014-03-10,9,6
2014-03-10,10,1
2014-03-10,11,5
2014-03-10,14,4
2014-03-10,15,1
2014-03-10,16,2
2014-03-10,17,1
2014-03-10,18,1
2014-03-10,19,1
2014-03-10,20,1
2014-03-10,22,1
2014-03-10,25,1
2014-03-10,29,1
2014-03-10,30,1
2014-03-10,46,1
2014-03-10,47,1
2014-03-11,1,27
2014-03-11,2,18
2014-03-11,3,15
2014-03-11,4,17
2014-03-11,5,13
2014-03-11,6,12
2014-03-11,7,8
2014-03-11,8,8
2014-03-11,9,7
2014-03-11,10,5
2014-03-11,11,3
2014-03-11,14,2
2014-03-11,15,2
2014-03-11,16,2
2014-03-11,17,2
2014-03-11,20,1
2014-03-11,21,1
2014-03-11,24,1
2014-03-11,26,1
2014-03-11,50,1
2014-03-12,1,20
2014-03-12,2,30
2014-03-12,3,26
2014-03-12,4,23
2014-03-12,5,19
2014-03-12,6,7
2014-03-12,7,9
2014-03-12,8,2
2014-03-12,9,6
2014-03-12,10,6
2014-03-12,11,3
2014-03-12,12,1
2014-03-12,14,3
2014-03-12,15,1
2014-03-12,16,1
2014-03-12,19,1
2014-03-12,20,1
2014-03-13,1,43
2014-03-13,2,30
2014-03-13,3,32
2014-03-13,4,25
2014-03-13,5,25
2014-03-13,6,16
2014-03-13,7,19
2014-03-13,8,14
2014-03-13,9,7
2014-03-13,10,7
2014-03-13,11,7
2014-03-13,12,5
2014-03-13,13,1
2014-03-13,14,4
2014-03-13,15,6
2014-03-13,16,3
2014-03-13,17,2
2014-03-13,18,3
2014-03-13,19,3
2014-03-13,20,1
2014-03-13,21,5
2014-03-13,24,2
2014-03-13,26,1
2014-03-13,27,1
2014-03-13,34,1
2014-03-13,50,1
2014-03-13,104,1
2014-03-14,1,24
2014-03-14,2,28
2014-03-14,3,12
2014-03-14,4,18
2014-03-14,5,19
2014-03-14,6,11
2014-03-14,7,12
2014-03-14,8,5
2014-03-14,9,10
2014-03-14,10,3
2014-03-14,11,3
2014-03-14,12,3
2014-03-14,14,2
2014-03-14,15,1
2014-03-14,16,2
2014-03-14,17,1
2014-03-14,18,1
2014-03-14,20,2
2014-03-14,23,1
2014-03-14,30,1
2014-03-14,40,1
2014-03-14,43,2
2014-03-18,1,33
2014-03-18,2,22
2014-03-18,3,17
2014-03-18,4,16
2014-03-18,5,11
2014-03-18,6,11
2014-03-18,7,6
2014-03-18,8,2
2014-03-18,9,3
2014-03-18,10,2
2014-03-18,11,2
2014-03-18,12,2
2014-03-18,13,1
2014-03-18,14,3
2014-03-18,15,1
2014-03-18,19,1
2014-03-18,21,1
2014-03-18,23,1
2014-03-19,1,31
2014-03-19,2,29
2014-03-19,3,21
2014-03-19,4,24
2014-03-19,5,16
2014-03-19,6,12
2014-03-19,7,8
2014-03-19,8,11
2014-03-19,9,7
2014-03-19,10,6
2014-03-19,11,6
2014-03-19,12,6
2014-03-19,13,5
2014-03-19,14,7
2014-03-19,15,2
2014-03-19,16,2
2014-03-19,17,4
2014-03-19,18,3
2014-03-19,19,1
2014-03-19,20,4
2014-03-19,21,4
2014-03-19,22,4
2014-03-19,25,3
2014-03-19,27,1
2014-03-19,32,1
2014-03-19,34,2
2014-03-19,35,1
2014-03-19,36,3
2014-03-19,37,2
2014-03-19,39,1
2014-03-19,44,1
2014-03-19,54,1
2014-03-19,60,1
2014-03-19,66,1
2014-03-20,1,39
2014-03-20,2,18
2014-03-20,3,23
2014-03-20,4,17
2014-03-20,5,23
2014-03-20,6,16
2014-03-20,7,8
2014-03-20,8,17
2014-03-20,9,5
2014-03-20,10,5
2014-03-20,11,6
2014-03-20,12,5
2014-03-20,13,3
2014-03-20,14,3
2014-03-20,15,2
2014-03-20,16,2
2014-03-20,17,1
2014-03-20,21,2
2014-03-20,26,1
2014-03-20,28,1
2014-03-20,32,1
2014-03-20,98,1
2014-03-21,1,18
2014-03-21,2,20
2014-03-21,3,20
2014-03-21,4,17
2014-03-21,5,11
2014-03-21,6,10
2014-03-21,7,6
2014-03-21,8,3
2014-03-21,9,7
2014-03-21,10,2
2014-03-21,11,4
2014-03-21,12,1
2014-03-21,13,2
2014-03-21,14,1
2014-03-21,20,1
2014-03-21,22,1
2014-03-21,25,1
2014-03-21,36,1
2014-03-24,1,25
2014-03-24,2,11
2014-03-24,3,16
2014-03-24,4,16
2014-03-24,5,13
2014-03-24,6,11
2014-03-24,7,7
2014-03-24,8,4
2014-03-24,9,9
2014-03-24,10,2
2014-03-24,11,6
2014-03-24,12,3
2014-03-24,13,1
2014-03-24,14,4
2014-03-24,16,3
2014-03-24,19,2
2014-03-24,20,1
2014-03-24,24,1
2014-03-24,34,1
2014-03-25,1,21
2014-03-25,2,31
2014-03-25,3,19
2014-03-25,4,16
2014-03-25,5,14
2014-03-25,6,14
2014-03-25,7,4
2014-03-25,8,13
2014-03-25,9,5
2014-03-25,10,5
2014-03-25,11,2
2014-03-25,12,5
2014-03-25,13,2
2014-03-25,14,3
2014-03-25,15,2
2014-03-25,17,2
2014-03-25,18,1
2014-03-25,19,1
2014-03-25,22,1
2014-03-25,34,1
2014-03-26,1,26
2014-03-26,2,19
2014-03-26,3,21
2014-03-26,4,7
2014-03-26,5,7
2014-03-26,6,10
2014-03-26,7,3
2014-03-26,8,6
2014-03-26,9,3
2014-03-26,10,4
2014-03-26,11,2
2014-03-26,13,1
2014-03-26,16,1
2014-03-26,17,1
2014-03-26,18,1
2014-03-26,19,1
2014-03-26,20,1
2014-03-26,30,1
2014-03-27,1,17
2014-03-27,2,33
2014-03-27,3,20
2014-03-27,4,11
2014-03-27,5,21
2014-03-27,6,11
2014-03-27,7,8
2014-03-27,8,11
2014-03-27,9,6
2014-03-27,10,3
2014-03-27,11,6
2014-03-27,12,2
2014-03-27,13,3
2014-03-27,15,1
2014-03-27,16,5
2014-03-27,17,2
2014-03-27,18,2
2014-03-27,21,1
2014-03-27,24,1
2014-03-27,25,1
2014-03-27,26,1
2014-03-27,28,1
2014-03-27,30,1
2014-03-27,33,1
2014-03-27,103,1
2014-03-28,1,28
2014-03-28,2,17
2014-03-28,3,13
2014-03-28,4,11
2014-03-28,5,11
2014-03-28,6,10
2014-03-28,7,8
2014-03-28,8,6
2014-03-28,9,6
2014-03-28,10,3
2014-03-28,11,4
2014-03-28,12,1
2014-03-28,13,5
2014-03-28,14,1
2014-03-28,16,1
2014-03-28,19,1
2014-03-28,26,1
2014-03-28,35,1
2014-03-28,39,1
2014-03-31,1,33
2014-03-31,2,25
2014-03-31,3,17
2014-03-31,4,15
2014-03-31,5,17
2014-03-31,6,15
2014-03-31,7,12
2014-03-31,8,10
2014-03-31,9,7
2014-03-31,10,3
2014-03-31,11,9
2014-03-31,12,3
2014-03-31,13,10
2014-03-31,14,7
2014-03-31,15,4
2014-03-31,16,2
2014-03-31,17,3
2014-03-31,18,3
2014-03-31,19,2
2014-03-31,20,2
2014-03-31,21,3
2014-03-31,22,1
2014-03-31,23,1
2014-03-31,24,6
2014-03-31,29,4
2014-03-31,30,1
2014-03-31,31,2
2014-03-31,32,1
2014-03-31,38,1
2014-03-31,41,1
2014-03-31,43,1
2014-03-31,53,1
2014-03-31,69,1
2014-04-01,1,31
2014-04-01,2,18
2014-04-01,3,19
2014-04-01,4,18
2014-04-01,5,17
2014-04-01,6,8
2014-04-01,7,16
2014-04-01,8,13
2014-04-01,9,8
2014-04-01,10,5
2014-04-01,11,5
2014-04-01,12,2
2014-04-01,13,4
2014-04-01,14,6
2014-04-01,15,3
2014-04-01,16,2
2014-04-01,18,1
2014-04-01,20,2
2014-04-01,22,1
2014-04-01,23,1
2014-04-01,24,1
2014-04-01,25,1
2014-04-01,27,1
2014-04-01,32,2
2014-04-01,34,1
2014-04-01,53,1
2014-04-02,1,34
2014-04-02,2,23
2014-04-02,3,27
2014-04-02,4,31
2014-04-02,5,22
2014-04-02,6,17
2014-04-02,7,15
2014-04-02,8,17
2014-04-02,9,10
2014-04-02,10,9
2014-04-02,11,7
2014-04-02,12,11
2014-04-02,13,10
2014-04-02,14,14
2014-04-02,15,4
2014-04-02,16,4
2014-04-02,17,4
2014-04-02,18,2
2014-04-02,19,9
2014-04-02,20,4
2014-04-02,21,5
2014-04-02,22,3
2014-04-02,23,2
2014-04-02,24,3
2014-04-02,25,3
2014-04-02,26,2
2014-04-02,27,2
2014-04-02,28,3
2014-04-02,29,1
2014-04-02,30,1
2014-04-02,31,2
2014-04-02,33,1
2014-04-02,35,2
2014-04-02,38,1
2014-04-02,42,1
2014-04-02,43,1
2014-04-02,48,1
2014-04-02,51,2
2014-04-02,65,1
2014-04-03,1,21
2014-04-03,2,28
2014-04-03,3,29
2014-04-03,4,26
2014-04-03,5,19
2014-04-03,6,20
2014-04-03,7,11
2014-04-03,8,9
2014-04-03,9,23
2014-04-03,10,10
2014-04-03,11,11
2014-04-03,12,7
2014-04-03,13,5
2014-04-03,14,8
2014-04-03,15,3
2014-04-03,16,2
2014-04-03,17,1
2014-04-03,18,2
2014-04-03,19,5
2014-04-03,20,1
2014-04-03,22,1
2014-04-03,25,5
2014-04-03,26,1
2014-04-03,27,1
2014-04-03,28,1
2014-04-03,31,2
2014-04-03,46,1
2014-04-04,1,27
2014-04-04,2,18
2014-04-04,3,21
2014-04-04,4,17
2014-04-04,5,13
2014-04-04,6,12
2014-04-04,7,9
2014-04-04,8,5
2014-04-04,9,4
2014-04-04,10,1
2014-04-04,11,6
2014-04-04,12,2
2014-04-04,13,3
2014-04-04,14,2
2014-04-04,16,3
2014-04-04,17,1
2014-04-04,18,1
2014-04-04,21,1
2014-04-04,24,1
2014-04-04,29,1
2014-04-04,73,1
2014-04-07,1,14
2014-04-07,2,23
2014-04-07,3,24
2014-04-07,4,12
2014-04-07,5,13
2014-04-07,6,10
2014-04-07,7,7
2014-04-07,8,9
2014-04-07,9,8
2014-04-07,10,6
2014-04-07,11,2
2014-04-07,12,2
2014-04-07,13,1
2014-04-07,14,2
2014-04-07,16,1
2014-04-07,19,1
2014-04-08,1,37
2014-04-08,2,34
2014-04-08,3,23
2014-04-08,4,29
2014-04-08,5,15
2014-04-08,6,8
2014-04-08,7,11
2014-04-08,8,17
2014-04-08,9,8
2014-04-08,10,6
2014-04-08,11,16
2014-04-08,12,6
2014-04-08,13,2
2014-04-08,14,9
2014-04-08,15,1
2014-04-08,16,2
2014-04-08,17,1
2014-04-08,19,2
2014-04-08,20,1
2014-04-08,21,1
2014-04-08,23,1
2014-04-08,24,1
2014-04-08,30,3
2014-04-08,34,1
2014-04-08,38,1
2014-04-09,1,23
2014-04-09,2,19
2014-04-09,3,23
2014-04-09,4,17
2014-04-09,5,12
2014-04-09,6,13
2014-04-09,7,11
2014-04-09,8,10
2014-04-09,9,7
2014-04-09,10,5
2014-04-09,11,6
2014-04-09,12,5
2014-04-09,13,2
2014-04-09,14,3
2014-04-09,15,1
2014-04-09,16,2
2014-04-09,17,2
2014-04-09,19,1
2014-04-09,22,1
2014-04-09,24,1
2014-04-10,1,27
2014-04-10,2,31
2014-04-10,3,19
2014-04-10,4,22
2014-04-10,5,11
2014-04-10,6,15
2014-04-10,7,15
2014-04-10,8,9
2014-04-10,9,6
2014-04-10,10,2
2014-04-10,11,4
2014-04-10,12,5
2014-04-10,13,5
2014-04-10,14,1
2014-04-10,15,4
2014-04-10,18,2
2014-04-10,19,1
2014-04-10,22,3
2014-04-10,29,1
2014-04-10,32,1
2014-04-10,36,1
2014-04-11,1,31
2014-04-11,2,22
2014-04-11,3,13
2014-04-11,4,23
2014-04-11,5,17
2014-04-11,6,13
2014-04-11,7,14
2014-04-11,8,3
2014-04-11,9,7
2014-04-11,10,5
2014-04-11,11,5
2014-04-11,12,3
2014-04-11,13,2
2014-04-11,14,3
2014-04-11,15,2
2014-04-11,16,2
2014-04-11,17,2
2014-04-11,18,3
2014-04-11,20,1
2014-04-11,21,1
2014-04-11,24,1
2014-04-14,1,32
2014-04-14,2,19
2014-04-14,3,28
2014-04-14,4,12
2014-04-14,5,19
2014-04-14,6,5
2014-04-14,7,11
2014-04-14,8,3
2014-04-14,9,7
2014-04-14,10,2
2014-04-14,11,4
2014-04-14,12,3
2014-04-14,14,3
2014-04-14,15,1
2014-04-14,16,1
2014-04-14,17,1
2014-04-14,18,1
2014-04-14,21,1
2014-04-14,24,1
2014-04-14,25,1
2014-04-15,1,29
2014-04-15,2,26
2014-04-15,3,15
2014-04-15,4,21
2014-04-15,5,18
2014-04-15,6,13
2014-04-15,7,10
2014-04-15,8,8
2014-04-15,9,8
2014-04-15,10,4
2014-04-15,11,8
2014-04-15,12,4
2014-04-15,14,3
2014-04-15,15,3
2014-04-15,16,2
2014-04-15,17,2
2014-04-15,18,1
2014-04-15,19,2
2014-04-15,20,1
2014-04-15,21,2
2014-04-15,24,1
2014-04-15,26,1
2014-04-15,38,1
2014-04-16,1,32
2014-04-16,2,30
2014-04-16,3,21
2014-04-16,4,15
2014-04-16,5,12
2014-04-16,6,11
2014-04-16,7,11
2014-04-16,8,9
2014-04-16,9,10
2014-04-16,10,8
2014-04-16,11,1
2014-04-16,12,6
2014-04-16,13,2
2014-04-16,14,2
2014-04-16,15,1
2014-04-16,16,5
2014-04-16,17,1
2014-04-16,18,2
2014-04-16,19,2
2014-04-16,23,1
2014-04-16,24,2
2014-04-16,30,1
2014-04-16,31,2
2014-04-16,33,1
2014-04-16,42,1
2014-04-17,1,32
2014-04-17,2,28
2014-04-17,3,21
2014-04-17,4,20
2014-04-17,5,15
2014-04-17,6,13
2014-04-17,7,7
2014-04-17,8,9
2014-04-17,9,6
2014-04-17,10,7
2014-04-17,11,3
2014-04-17,12,8
2014-04-17,13,2
2014-04-17,14,3
2014-04-17,15,2
2014-04-17,16,5
2014-04-17,17,1
2014-04-17,19,1
2014-04-17,20,2
2014-04-17,22,1
2014-04-17,24,1
2014-04-17,27,3
2014-04-17,28,1
2014-04-17,29,1
2014-04-28,1,24
2014-04-28,2,25
2014-04-28,3,14
2014-04-28,4,20
2014-04-28,5,7
2014-04-28,6,20
2014-04-28,7,6
2014-04-28,8,9
2014-04-28,9,5
2014-04-28,10,7
2014-04-28,11,4
2014-04-28,12,3
2014-04-28,13,1
2014-04-28,14,3
2014-04-28,15,1
2014-04-28,16,1
2014-04-28,17,2
2014-04-28,21,4
2014-04-28,23,1
2014-04-28,27,1
2014-04-28,31,1
2014-04-28,32,1
2014-04-28,36,1
2014-04-28,43,1
2014-04-28,44,1
2014-04-29,1,30
2014-04-29,2,28
2014-04-29,3,26
2014-04-29,4,21
2014-04-29,5,13
2014-04-29,6,9
2014-04-29,7,7
2014-04-29,8,10
2014-04-29,9,13
2014-04-29,10,4
2014-04-29,11,6
2014-04-29,12,4
2014-04-29,14,3
2014-04-29,16,1
2014-04-29,17,2
2014-04-29,18,1
2014-04-29,19,1
2014-04-29,25,1
2014-04-29,52,1
2014-04-30,1,28
2014-04-30,2,22
2014-04-30,3,20
2014-04-30,4,23
2014-04-30,5,15
2014-04-30,6,21
2014-04-30,7,15
2014-04-30,8,6
2014-04-30,9,7
2014-04-30,10,7
2014-04-30,11,6
2014-04-30,12,7
2014-04-30,13,3
2014-04-30,14,6
2014-04-30,15,3
2014-04-30,16,1
2014-04-30,17,4
2014-04-30,18,3
2014-04-30,19,2
2014-04-30,21,1
2014-04-30,23,2
2014-04-30,24,2
2014-04-30,30,1
2014-04-30,32,1
2014-04-30,37,1
2014-04-30,38,1
2014-05-01,1,30
2014-05-01,2,28
2014-05-01,3,25
2014-05-01,4,27
2014-05-01,5,22
2014-05-01,6,21
2014-05-01,7,13
2014-05-01,8,9
2014-05-01,9,11
2014-05-01,10,7
2014-05-01,11,8
2014-05-01,12,12
2014-05-01,13,3
2014-05-01,14,8
2014-05-01,15,2
2014-05-01,16,5
2014-05-01,17,5
2014-05-01,18,5
2014-05-01,19,5
2014-05-01,20,2
2014-05-01,21,5
2014-05-01,22,2
2014-05-01,23,2
2014-05-01,24,2
2014-05-01,25,1
2014-05-01,26,4
2014-05-01,28,3
2014-05-01,29,1
2014-05-01,31,1
2014-05-01,32,2
2014-05-01,34,1
2014-05-01,35,1
2014-05-01,38,1
2014-05-01,42,1
2014-05-01,43,1
2014-05-01,46,1
2014-05-01,47,1
2014-05-01,49,2
2014-05-01,93,1
2014-05-02,1,34
2014-05-02,2,27
2014-05-02,3,18
2014-05-02,4,20
2014-05-02,5,12
2014-05-02,6,12
2014-05-02,7,13
2014-05-02,8,6
2014-05-02,9,9
2014-05-02,10,3
2014-05-02,11,8
2014-05-02,12,3
2014-05-02,13,5
2014-05-02,14,4
2014-05-02,15,4
2014-05-02,16,6
2014-05-02,17,1
2014-05-02,19,1
2014-05-02,23,1
2014-05-02,25,2
2014-05-02,29,1
2014-05-05,1,35
2014-05-05,2,19
2014-05-05,3,20
2014-05-05,4,19
2014-05-05,5,12
2014-05-05,6,11
2014-05-05,7,8
2014-05-05,8,8
2014-05-05,9,6
2014-05-05,10,6
2014-05-05,11,5
2014-05-05,12,3
2014-05-05,13,1
2014-05-05,14,1
2014-05-05,16,1
2014-05-05,19,2
2014-05-05,21,1
2014-05-05,26,1
2014-05-05,31,1
2014-05-06,1,25
2014-05-06,2,30
2014-05-06,3,26
2014-05-06,4,16
2014-05-06,5,12
2014-05-06,6,13
2014-05-06,7,6
2014-05-06,8,5
2014-05-06,9,8
2014-05-06,10,3
2014-05-06,11,8
2014-05-06,12,5
2014-05-06,13,3
2014-05-06,14,3
2014-05-06,18,1
2014-05-06,19,1
2014-05-06,20,1
2014-05-06,22,1
2014-05-06,27,1
2014-05-06,35,1
2014-05-06,50,1
2014-05-07,1,29
2014-05-07,2,17
2014-05-07,3,14
2014-05-07,4,16
2014-05-07,5,16
2014-05-07,6,6
2014-05-07,7,10
2014-05-07,8,9
2014-05-07,9,8
2014-05-07,10,8
2014-05-07,11,6
2014-05-07,12,4
2014-05-07,13,3
2014-05-07,14,2
2014-05-07,16,4
2014-05-07,17,1
2014-05-07,18,1
2014-05-07,20,1
2014-05-07,24,1
2014-05-07,26,1
2014-05-08,1,30
2014-05-08,2,22
2014-05-08,3,23
2014-05-08,4,3
2014-05-08,5,9
2014-05-08,6,19
2014-05-08,7,11
2014-05-08,8,17
2014-05-08,9,11
2014-05-08,10,4
2014-05-08,11,9
2014-05-08,12,10
2014-05-08,13,1
2014-05-08,14,8
2014-05-08,15,4
2014-05-08,16,4
2014-05-08,17,2
2014-05-08,18,1
2014-05-08,21,1
2014-05-08,22,1
2014-05-08,24,1
2014-05-08,32,1
2014-05-08,36,1
2014-05-09,1,25
2014-05-09,2,20
2014-05-09,3,24
2014-05-09,4,17
2014-05-09,5,19
2014-05-09,6,16
2014-05-09,7,5
2014-05-09,8,4
2014-05-09,9,3
2014-05-09,10,1
2014-05-09,11,12
2014-05-09,12,3
2014-05-09,13,4
2014-05-09,14,1
2014-05-09,15,3
2014-05-09,16,4
2014-05-09,17,2
2014-05-09,19,4
2014-05-09,20,1
2014-05-09,21,1
2014-05-09,22,1
2014-05-09,25,1
2014-05-09,28,1
2014-05-09,30,1
2014-05-09,43,1
2014-05-12,1,27
2014-05-12,2,23
2014-05-12,3,20
2014-05-12,4,13
2014-05-12,5,14
2014-05-12,6,13
2014-05-12,7,8
2014-05-12,8,8
2014-05-12,9,8
2014-05-12,10,3
2014-05-12,11,2
2014-05-12,12,4
2014-05-12,13,3
2014-05-12,16,1
2014-05-12,17,1
2014-05-12,18,2
2014-05-12,19,2
2014-05-12,26,1
2014-05-12,29,1
2014-05-12,60,1
2014-05-13,1,29
2014-05-13,2,22
2014-05-13,3,17
2014-05-13,4,16
2014-05-13,5,17
2014-05-13,6,14
2014-05-13,7,12
2014-05-13,8,9
2014-05-13,9,16
2014-05-13,10,3
2014-05-13,11,7
2014-05-13,12,4
2014-05-13,13,4
2014-05-13,14,2
2014-05-13,15,3
2014-05-13,16,1
2014-05-13,18,1
2014-05-13,20,1
2014-05-13,24,2
2014-05-13,27,1
2014-05-13,28,1
2014-05-14,1,33
2014-05-14,2,14
2014-05-14,3,27
2014-05-14,4,20
2014-05-14,5,16
2014-05-14,6,11
2014-05-14,7,11
2014-05-14,8,7
2014-05-14,9,7
2014-05-14,10,6
2014-05-14,11,5
2014-05-14,12,3
2014-05-14,13,3
2014-05-14,14,1
2014-05-14,15,3
2014-05-14,16,1
2014-05-14,17,2
2014-05-14,18,1
2014-05-14,19,1
2014-05-14,20,1
2014-05-14,21,1
2014-05-14,23,1
2014-05-14,24,1
2014-05-14,29,1
2014-05-14,35,1
2014-05-15,1,22
2014-05-15,2,29
2014-05-15,3,20
2014-05-15,4,16
2014-05-15,5,18
2014-05-15,6,14
2014-05-15,7,11
2014-05-15,8,10
2014-05-15,9,13
2014-05-15,10,7
2014-05-15,11,8
2014-05-15,12,8
2014-05-15,13,3
2014-05-15,14,6
2014-05-15,15,2
2014-05-15,16,1
2014-05-15,17,3
2014-05-15,18,1
2014-05-15,20,3
2014-05-15,21,2
2014-05-15,22,1
2014-05-15,25,1
2014-05-15,26,1
2014-05-15,30,1
2014-05-15,40,1
2014-05-16,1,27
2014-05-16,2,33
2014-05-16,3,20
2014-05-16,4,14
2014-05-16,5,17
2014-05-16,6,8
2014-05-16,7,11
2014-05-16,8,5
2014-05-16,9,7
2014-05-16,10,8
2014-05-16,11,5
2014-05-16,12,5
2014-05-16,13,3
2014-05-16,14,3
2014-05-16,15,1
2014-05-16,16,3
2014-05-16,18,1
2014-05-16,19,1
2014-05-16,21,1
2014-05-16,23,1
2014-05-16,24,1
2014-05-19,1,31
2014-05-19,2,26
2014-05-19,3,24
2014-05-19,4,10
2014-05-19,5,10
2014-05-19,6,15
2014-05-19,7,10
2014-05-19,8,8
2014-05-19,9,16
2014-05-19,10,3
2014-05-19,11,6
2014-05-19,12,3
2014-05-19,13,5
2014-05-19,14,3
2014-05-19,15,3
2014-05-19,16,2
2014-05-19,17,1
2014-05-19,18,1
2014-05-19,28,1
2014-05-20,1,29
2014-05-20,2,19
2014-05-20,3,30
2014-05-20,4,21
2014-05-20,5,11
2014-05-20,6,15
2014-05-20,7,13
2014-05-20,8,8
2014-05-20,9,7
2014-05-20,10,5
2014-05-20,11,9
2014-05-20,12,3
2014-05-20,13,6
2014-05-20,14,3
2014-05-20,15,3
2014-05-20,16,4
2014-05-20,17,2
2014-05-20,18,1
2014-05-20,19,2
2014-05-20,20,2
2014-05-20,21,3
2014-05-20,22,3
2014-05-20,23,3
2014-05-20,26,4
2014-05-20,27,2
2014-05-20,40,1
2014-05-20,45,1
2014-05-21,1,31
2014-05-21,2,25
2014-05-21,3,21
2014-05-21,4,17
2014-05-21,5,15
2014-05-21,6,15
2014-05-21,7,9
2014-05-21,8,4
2014-05-21,9,9
2014-05-21,10,4
2014-05-21,11,8
2014-05-21,12,2
2014-05-21,13,5
2014-05-21,14,4
2014-05-21,15,2
2014-05-21,16,2
2014-05-21,17,2
2014-05-21,18,1
2014-05-21,21,2
2014-05-21,22,1
2014-05-21,25,1
2014-05-21,26,1
2014-05-21,30,1
2014-05-21,34,1
2014-05-21,50,1
2014-05-22,1,32
2014-05-22,2,23
2014-05-22,3,20
2014-05-22,4,13
2014-05-22,5,10
2014-05-22,6,16
2014-05-22,7,12
2014-05-22,8,8
2014-05-22,9,3
2014-05-22,10,7
2014-05-22,11,8
2014-05-22,12,5
2014-05-22,13,5
2014-05-22,14,1
2014-05-22,15,2
2014-05-22,16,2
2014-05-22,17,1
2014-05-22,18,2
2014-05-22,19,1
2014-05-22,21,1
2014-05-22,23,1
2014-05-22,24,1
2014-05-22,26,1
2014-05-22,37,1
2014-05-22,38,1
2014-05-23,1,21
2014-05-23,2,25
2014-05-23,3,13
2014-05-23,4,17
2014-05-23,5,10
2014-05-23,6,12
2014-05-23,7,13
2014-05-23,8,5
2014-05-23,9,7
2014-05-23,10,5
2014-05-23,11,6
2014-05-23,12,2
2014-05-23,13,5
2014-05-23,14,1
2014-05-23,16,3
2014-05-23,17,1
2014-05-23,20,1
2014-05-23,22,1
2014-05-23,23,1
2014-05-23,32,1
2014-05-27,1,18
2014-05-27,2,25
2014-05-27,3,23
2014-05-27,4,15
2014-05-27,5,10
2014-05-27,6,16
2014-05-27,7,11
2014-05-27,8,10
2014-05-27,9,7
2014-05-27,10,7
2014-05-27,11,7
2014-05-27,12,7
2014-05-27,13,5
2014-05-27,14,3
2014-05-27,15,3
2014-05-27,16,2
2014-05-27,18,4
2014-05-27,19,1
2014-05-27,21,1
2014-05-27,22,1
2014-05-27,24,1
2014-05-27,27,1
2014-05-27,29,1
2014-05-27,37,1
2014-05-28,1,25
2014-05-28,2,23
2014-05-28,3,25
2014-05-28,4,20
2014-05-28,5,21
2014-05-28,6,11
2014-05-28,7,13
2014-05-28,8,10
2014-05-28,9,9
2014-05-28,10,4
2014-05-28,11,6
2014-05-28,12,6
2014-05-28,13,6
2014-05-28,14,3
2014-05-28,15,2
2014-05-28,16,2
2014-05-28,18,1
2014-05-28,19,3
2014-05-28,21,3
2014-05-28,27,1
2014-05-28,28,1
2014-05-28,34,1
2014-05-28,43,1
2014-05-29,1,24
2014-05-29,2,30
2014-05-29,3,24
2014-05-29,4,15
2014-05-29,5,15
2014-05-29,6,16
2014-05-29,7,9
2014-05-29,8,12
2014-05-29,9,10
2014-05-29,10,2
2014-05-29,11,4
2014-05-29,12,5
2014-05-29,13,3
2014-05-29,14,5
2014-05-29,15,1
2014-05-29,17,2
2014-05-29,19,1
2014-05-29,22,1
2014-05-29,25,1
2014-05-29,26,1
2014-05-29,35,1
2014-05-30,1,36
2014-05-30,2,19
2014-05-30,3,17
2014-05-30,4,14
2014-05-30,5,12
2014-05-30,6,11
2014-05-30,7,13
2014-05-30,8,10
2014-05-30,9,8
2014-05-30,10,6
2014-05-30,11,6
2014-05-30,12,5
2014-05-30,13,6
2014-05-30,14,2
2014-05-30,15,5
2014-05-30,16,6
2014-05-30,17,3
2014-05-30,18,2
2014-05-30,19,1
2014-05-30,20,1
2014-05-30,22,1
2014-05-30,24,1
2014-05-30,26,1
2014-05-30,28,1
2014-05-30,29,1
2014-05-30,33,1
2014-05-30,35,1
2014-05-30,40,2
2014-05-30,58,1
2014-06-02,1,31
2014-06-02,2,24
2014-06-02,3,15
2014-06-02,4,15
2014-06-02,5,11
2014-06-02,6,10
2014-06-02,7,8
2014-06-02,8,11
2014-06-02,9,7
2014-06-02,10,3
2014-06-02,11,3
2014-06-02,12,2
2014-06-02,13,4
2014-06-02,16,1
2014-06-02,17,3
2014-06-02,18,1
2014-06-02,20,2
2014-06-02,22,4
2014-06-02,24,1
2014-06-02,31,1
2014-06-03,1,25
2014-06-03,2,22
2014-06-03,3,19
2014-06-03,4,22
2014-06-03,5,27
2014-06-03,6,9
2014-06-03,7,7
2014-06-03,8,5
2014-06-03,9,9
2014-06-03,10,4
2014-06-03,11,8
2014-06-03,12,6
2014-06-03,13,5
2014-06-03,14,1
2014-06-03,15,3
2014-06-03,17,3
2014-06-03,18,1
2014-06-03,19,1
2014-06-03,21,1
2014-06-03,27,2
2014-06-03,30,1
2014-06-03,31,2
2014-06-03,36,1
2014-06-03,37,1
2014-06-04,1,32
2014-06-04,2,30
2014-06-04,3,26
2014-06-04,4,21
2014-06-04,5,12
2014-06-04,6,20
2014-06-04,7,11
2014-06-04,8,9
2014-06-04,9,8
2014-06-04,10,6
2014-06-04,11,7
2014-06-04,12,2
2014-06-04,13,6
2014-06-04,14,3
2014-06-04,16,1
2014-06-04,17,1
2014-06-04,18,3
2014-06-04,20,1
2014-06-04,21,1
2014-06-04,23,1
2014-06-04,25,1
2014-06-04,26,1
2014-06-04,27,1
2014-06-04,68,1
2014-06-05,1,23
2014-06-05,2,16
2014-06-05,3,24
2014-06-05,4,15
2014-06-05,5,17
2014-06-05,6,15
2014-06-05,7,19
2014-06-05,8,7
2014-06-05,9,8
2014-06-05,10,6
2014-06-05,11,6
2014-06-05,12,7
2014-06-05,13,2
2014-06-05,14,2
2014-06-05,15,3
2014-06-05,16,3
2014-06-05,17,2
2014-06-05,18,1
2014-06-05,19,1
2014-06-05,21,2
2014-06-05,22,1
2014-06-05,54,1
2014-06-06,1,21
2014-06-06,2,29
2014-06-06,3,19
2014-06-06,4,13
2014-06-06,5,11
2014-06-06,6,14
2014-06-06,7,7
2014-06-06,8,11
2014-06-06,9,7
2014-06-06,10,4
2014-06-06,11,5
2014-06-06,12,2
2014-06-06,13,1
2014-06-06,14,2
2014-06-06,15,1
2014-06-06,16,1
2014-06-06,17,1
2014-06-06,18,1
2014-06-06,19,1
2014-06-06,21,1
2014-06-06,24,1
2014-06-06,25,2
2014-06-06,26,1
2014-06-09,1,22
2014-06-09,2,17
2014-06-09,3,19
2014-06-09,4,22
2014-06-09,5,4
2014-06-09,6,18
2014-06-09,7,5
2014-06-09,8,4
2014-06-09,9,6
2014-06-09,10,2
2014-06-09,11,6
2014-06-09,12,3
2014-06-09,13,5
2014-06-09,14,2
2014-06-09,16,3
2014-06-09,17,1
2014-06-09,18,1
2014-06-09,19,1
2014-06-09,26,1
2014-06-09,31,1
2014-06-09,32,1
2014-06-09,55,1
2014-06-10,1,24
2014-06-10,2,26
2014-06-10,3,7
2014-06-10,4,10
2014-06-10,5,11
2014-06-10,6,14
2014-06-10,7,10
2014-06-10,8,5
2014-06-10,9,5
2014-06-10,10,5
2014-06-10,11,8
2014-06-10,13,4
2014-06-10,14,2
2014-06-10,15,2
2014-06-10,16,1
2014-06-10,17,1
2014-06-10,18,1
2014-06-10,19,2
2014-06-10,20,1
2014-06-10,21,1
2014-06-10,37,1
2014-06-11,1,25
2014-06-11,2,13
2014-06-11,3,20
2014-06-11,4,15
2014-06-11,5,17
2014-06-11,6,10
2014-06-11,7,10
2014-06-11,8,9
2014-06-11,9,5
2014-06-11,10,3
2014-06-11,11,6
2014-06-11,12,2
2014-06-11,13,2
2014-06-11,14,1
2014-06-11,15,1
2014-06-11,17,1
2014-06-11,18,1
2014-06-11,19,2
2014-06-11,22,1
2014-06-11,31,1
2014-06-12,1,15
2014-06-12,2,20
2014-06-12,3,18
2014-06-12,4,4
2014-06-12,5,9
2014-06-12,6,13
2014-06-12,7,8
2014-06-12,8,10
2014-06-12,9,4
2014-06-12,10,5
2014-06-12,11,5
2014-06-12,12,1
2014-06-12,13,2
2014-06-12,14,3
2014-06-12,15,2
2014-06-12,16,1
2014-06-12,17,2
2014-06-12,19,1
2014-06-12,20,1
2014-06-12,23,1
2014-06-12,25,1
2014-06-12,34,1
2014-06-13,1,24
2014-06-13,2,15
2014-06-13,3,13
2014-06-13,4,13
2014-06-13,5,14
2014-06-13,6,10
2014-06-13,7,5
2014-06-13,8,5
2014-06-13,9,3
2014-06-13,10,3
2014-06-13,11,2
2014-06-13,12,4
2014-06-13,14,3
2014-06-13,15,1
2014-06-13,17,1
2014-06-13,20,1
2014-06-13,21,1
2014-06-13,27,1
2014-06-13,28,1
2014-06-13,38,1
2014-06-16,1,20
2014-06-16,2,20
2014-06-16,3,13
2014-06-16,4,9
2014-06-16,5,14
2014-06-16,6,3
2014-06-16,7,4
2014-06-16,8,3
2014-06-16,9,3
2014-06-16,10,4
2014-06-16,11,6
2014-06-16,13,1
2014-06-16,14,2
2014-06-16,15,3
2014-06-16,19,1
2014-06-16,21,1
2014-06-18,1,21
2014-06-18,2,22
2014-06-18,3,31
2014-06-18,4,14
2014-06-18,5,16
2014-06-18,6,14
2014-06-18,7,9
2014-06-18,8,10
2014-06-18,9,4
2014-06-18,10,5
2014-06-18,11,3
2014-06-18,12,2
2014-06-18,13,1
2014-06-18,14,1
2014-06-18,15,2
2014-06-18,16,4
2014-06-18,17,2
2014-06-18,19,2
2014-06-18,20,1
2014-06-18,33,1
2014-06-19,1,26
2014-06-19,2,26
2014-06-19,3,21
2014-06-19,4,17
2014-06-19,5,18
2014-06-19,6,14
2014-06-19,7,10
2014-06-19,8,4
2014-06-19,9,10
2014-06-19,10,6
2014-06-19,11,6
2014-06-19,12,5
2014-06-19,13,3
2014-06-19,14,4
2014-06-19,15,4
2014-06-19,16,3
2014-06-19,19,2
2014-06-19,20,1
2014-06-19,21,2
2014-06-19,23,1
2014-06-19,27,1
2014-06-20,1,27
2014-06-20,2,18
2014-06-20,3,23
2014-06-20,4,11
2014-06-20,5,12
2014-06-20,6,16
2014-06-20,7,6
2014-06-20,8,7
2014-06-20,9,5
2014-06-20,10,4
2014-06-20,11,2
2014-06-20,12,3
2014-06-20,13,3
2014-06-20,14,4
2014-06-20,15,2
2014-06-20,17,1
2014-06-20,18,1
2014-06-20,19,1
2014-06-20,20,1
2014-06-20,26,1
2014-06-23,1,16
2014-06-23,2,20
2014-06-23,3,13
2014-06-23,4,9
2014-06-23,5,8
2014-06-23,6,10
2014-06-23,7,4
2014-06-23,8,6
2014-06-23,9,6
2014-06-23,10,1
2014-06-23,11,6
2014-06-23,12,3
2014-06-23,13,1
2014-06-23,14,5
2014-06-23,15,2
2014-06-23,19,5
2014-06-23,20,2
2014-06-23,66,1
2014-06-24,1,21
2014-06-24,2,11
2014-06-24,3,11
2014-06-24,4,14
2014-06-24,5,8
2014-06-24,6,10
2014-06-24,7,2
2014-06-24,8,6
2014-06-24,9,4
2014-06-24,10,3
2014-06-24,11,3
2014-06-24,12,1
2014-06-24,13,1
2014-06-24,14,2
2014-06-24,16,2
2014-06-24,17,1
2014-06-24,21,1
2014-06-24,44,1
2014-06-24,62,1
2014-06-25,1,15
2014-06-25,2,11
2014-06-25,3,8
2014-06-25,4,11
2014-06-25,5,4
2014-06-25,6,4
2014-06-25,7,4
2014-06-25,8,5
2014-06-25,9,3
2014-06-25,10,1
2014-06-25,11,1
2014-06-25,12,2
2014-06-25,13,2
2014-06-25,14,3
2014-06-25,15,3
2014-06-25,31,1
2014-06-25,50,1
